code,Company
ZZZ.L,Snoozebox Holdings plc
ZYT.L,Zytronic plc
ZTF.L,Zotefoams plc
ZOX.L,Zincox Resources plc
ZOO.L,ZOO Digital Group plc
ZOL.L,Zoltav Resources Inc.
ZMNO.L,zamano plc
ZIOC.L,Zanaga Iron Ore Company Limited
ZHEH.L,"Zhejiang Expressway Co., Ltd."
ZENB.L,Zenith Bank Plc
ZEG.L,Zegona Communications plc
ZCC.L,ZCCM Investments Holdings Plc
ZBO.L,Zibao Metals Recycling Holdings Plc
ZAM.L,Zambeef Products Plc
YUJ.L,Yujin International Ltd.
YU.L,Yü Group PLC
YOU.L,YouGov plc
YOLO.L,Yolo Leisure and Technology plc
YNGN.L,"Young & Co.'s Brewery, P.L.C."
YNGA.L,"Young & Co.'s Brewery, P.L.C."
YMTD.L,Yang Ming Marine Transport Corporation
YMT1.L,Yang Ming Marine Transport Corporation
YKBD.L,YAPI VE KREDI BANKASI A.S. GDR
XTR.L,Xtract Resources Plc
XSG.L,Xeros Technology Group plc
XPP.L,XP Power Limited
XPL.L,XPLORER PLC ORD 0.1P
XLM.L,XLMedia PLC
XEL.L,Xcite Energy Limited
XCH.L,Xchanging plc
XAR.L,Xaar plc
WYN.L,Wynnstay Group plc
WWH.L,Worldwide Healthcare Ord
WTI.L,Weatherly International PLC
WTG.L,Watchstone Group Plc
WTB.L,Whitbread PLC
WTAN.L,Witan Investment Trust plc
WSL.L,Worldsec Limited
WSG.L,Westminster Group Plc
WSBN.L,Wishbone Gold Plc
WRN.L,WORTHINGTON GROUP PLC ORD 10P
WRL.L,Wentworth Resources Limited
WRES.L,W Resources Plc
WPP.L,WPP plc
WPG.L,Worldpay Group plc
WOS.L,Ferguson plc
WORK.L,Work Group plc
WMH.L,William Hill plc
WLG.L,Wireless Group PLC
WLFE.L,Wolf Minerals Limited
WKP.L,Workspace Group plc
WKOF.L,Weiss Korea Opportunity Fund Ltd.
WIZZ.L,Wizz Air Holdings Plc
WINK.L,M Winkworth PLC
WIN.L,Wincanton plc
WIL.L,Wilmington plc
WHI.L,WH Ireland Group plc
WHE.L,Salt Lake Potash Limited
WGP.L,WORLDLINK GROUP PLC ORD GBP0.01
WG.L,John Wood Group PLC
WEY.L,Wey Education Plc
WEIR.L,The Weir Group PLC
WEB.L,Webis Holdings Plc
WCW.L,Walker Crips Group plc
WATR.L,Water Intelligence plc
WAFM.L,West African Minerals Corporation
VZC.L,Verizon Communications Inc.
VTU.L,Vertu Motors plc
VTC.L,The Vitec Group plc
VTBR.L,VTB Bank (public joint-stock company)
VSVS.L,Vesuvius plc
VSN.L,Verseon Corporation
VRS.L,Versarien plc
VRP.L,Verona Pharma plc
VP.L,Vp plc
VOF.L,VinaCapital Vietnam Opportunity Fund Limited
VOD.L,Vodafone Group Plc
VNI.L,Vietnam Infrastructure Limited
VNET.L,Vianet Group plc
VM.L,Virgin Money Holdings (UK) plc
VLX.L,Volex plc
VLS.L,Velocys plc
VLK.L,Pebble Beach Systems Group plc
VLE.L,Volvere plc
VIS.L,Vitesse Media Plc
VIP.L,Vipera Plc
VIN.L,Value And Income Ord
VGAS.L,Volga Gas plc
VER.L,Vernalis plc
VENN.L,Venn Life Sciences Holdings plc
VELA.L,Vela Technologies PLC
VEC.L,Vectura Group plc
VCT.L,Victrex plc
VCP.L,Victoria plc
VAST.L,Vast Resources plc
VAL.L,ValiRx plc
UVEL.L,UniVision Engineering Limited
UU.L,United Utilities Group PLC
UTV.L,Wireless Group PLC
UTLE.L,UIL Finance Limited
UTLC.L,UIL FINANCE LIMITED RED ZDP SHS
UTL.L,UIL Limited
UTG.L,The Unite Group plc
USG.L,Ultimate Sports Group Plc
URU.L,URU Metals Limited
URA.L,Uranium Resources Plc
ULVR.L,Unilever PLC
ULS.L,ULS Technology plc
ULE.L,Ultra Electronics Holdings plc
UKRO.L,Ukraine Opportunity Ord
UKOG.L,UK Oil & Gas Investments PLC
UKML.L,UK Mortgages Ltd
UKM.L,UK Mail Group plc
UKCM.L,UK Commercial Property Trust Limited
UJO.L,Union Jack Oil plc
UEN.L,Urals Energy Public Company Limited
UEMS.L,UTILICO EMERGING MARKETS LIMITE
UEM.L,Utilico Emerging Markets Limited
UCP.L,UCP Plc
UCG.L,United Carpets Group PLC
UBM.L,UBM plc
UBLS.L,United Bank Limited
UAV.L,Unicorn AIM VCT plc
UANC.L,Urban&Civic plc
UAI.L,U and I Group PLC
TYT.L,Toyota Motor Corporation
TYRU.L,"TyraTech, Inc."
TYR.L,"TyraTech, Inc."
TYK4.L,TEST STOCKS ORD
TXH.L,Tex Holdings plc
TW.L,Taylor Wimpey plc
TUIN.L,TUIN.L
TUIJ.L,TUIJ.L
TUI.L,TUI AG
TTG.L,TT Electronics plc
TTA.L,TOTAL S.A.
TT.L,TT.L
TSCO.L,Tesco PLC
TSB.L,TSB Banking Group plc
TRY.L,TR Property Ord
TRX.L,Tissue Regenix Group plc
TRS.L,Tarsus Group plc
TRK.L,Torotrak plc
TRIN.L,Trinity Exploration & Production plc
TRIG.L,The Renewables Infrastructure Group Limited
TREE.L,Cambium Global Timberland Limited
TRE.L,Trading Emissions PLC
TRCN.L,Public Joint Stock Company TransContainer
TPV1.L,Triple Point Income VCT plc
TPS.L,Turbo Power Systems Inc.
TPOU.L,Third Point Offshore Investors Limited
TPK.L,Travis Perkins plc
TPFZ.L,Taliesin Property Fund Limited
TPF.L,Taliesin Property Fund Limited
TOWN.L,Town Centre Securities plc
TON.L,Titon Holdings plc
TOM.L,TomCo Energy Plc
TMZ.L,Toumaz Limited
TMPL.L,Temple Bar Investment Trust PLC
TME.L,Trader Media East Limited
TLY.L,Totally plc
TLW.L,Tullow Oil plc
TLPR.L,Tullett Prebon plc
TLA.L,TLA Worldwide Plc
TIR.L,Tiger Resource Finance Ord
TILS.L,Tiziana Life Sciences PLC
TIGT.L,Troy Income & Growth Trust Plc
TIG.L,Innovation Group plc
TIDE.L,Crimson Tide plc
TIBD.L,Türkiye Is Bankasi Anonim Sirketi
THT.L,Thorntons PLC
THRG.L,BlackRock Throgmorton Trust plc
THL.L,Tongaat Hulett Limited
TGBD.L,Turkiye Garanti Bankasi A.S.
TET.L,Treatt plc
TEP.L,Telecom Plus PLC
TEM.L,Templeton Emerging Mkts Invmt Tr TEMIT
TEF.L,Telford Homes Plc
TEEG.L,Telecom Egypt Company S.A.E.
TED.L,Ted Baker PLC
TECH.L,"TechFinancials, Inc."
TECD.L,TECO Electric & Machinery Co. Ltd.
TE20.L,TEST STOCKS ORD
TCSC.L,Town Centre Securities plc
TCS.L,TCS Group Holding PLC
TCM.L,Telit Communications PLC
TCG.L,Thomas Cook Group plc
TBGR.L,Tiso Blackstar Group SE
TBCB.L,JSC TBC Bank
TATE.L,Tate & Lyle plc
TALK.L,TalkTalk Telecom Group PLC
TAL.L,Zinc Media Group plc
SZCD.L,Suez Cement Company SAE
SYR.L,Synergy Health plc
SYNT.L,Synthomer plc
SXS.L,Spectris plc
SWJ.L,John Swan & Sons plc
SWEF.L,Starwood European Real Estate Finance Ltd.
SVT.L,Severn Trent Plc
SVM.L,SVM UK Emerging Fund plc
SVI.L,SVG Capital Plc
SVE.L,Starvest plc
SVCA.L,Servoca Plc
SUH.L,Sutton Harbour Holdings plc
STX.L,Shield Therapeutics plc
STJ.L,St. James's Place plc
STHR.L,SThree plc
STGR.L,StratMin Global Resources plc
STEL.L,Stellar Diamonds plc
STCM.L,Steppe Cement Ltd.
STB.L,Secure Trust Bank Plc
STAR.L,Starcom plc
STAN.L,Standard Chartered PLC
STAF.L,Staffline Group plc
SST.L,Scottish Oriental Smaller Cos Ord
SSPG.L,SSP Group plc
SSA.L,Sistema Public Joint Stock Financial Corporation
SRT.L,SRT Marine Systems plc
SRP.L,Serco Group plc
SRO.L,Spitfire Oil Limited
SRIA.L,SREI INFRASTRUCTURE FINANCE LIM
SRES.L,Sunrise Resources plc
SRB.L,Serabi Gold plc
SQS.L,SQS Software Quality Systems AG
SQNC.L,SQN Asset Finance Income Fund Limited
SQN.L,SQN Asset Finance Income Fund Limited
SPX.L,Spirax-Sarco Engineering plc
SPSY.L,Spectra Systems Corporation
SPSM.L,Stallion Resources plc
SPRT.L,Spirit Pub Company plc
SPRP.L,Sprue Aegis PLC
SPPC.L,St Peter Port Capital Limited
SPO.L,Sportech PLC
SPI.L,Spire Healthcare Group Plc
SPHR.L,Sphere Medical Holding PLC
SPDI.L,Secure Property Development & Investment Plc
SPD.L,Sports Direct International plc
SOU.L,Sound Energy plc
SOPH.L,Sophos Group plc
SOM.L,"Somero Enterprises, Inc."
SOLO.L,Solo Oil Plc
SOLG.L,SolGold plc
SNT.L,Sabien Technology Group Plc
SNR.L,Senior plc
SNN.L,Sanne Group plc
SNGR.L,S.N.G.N. RomGaz S.A.
SN.L,Smith & Nephew plc
SMWH.L,WH Smith PLC
SMT.L,Scottish Mortgage Investment Trust PLC
SMSD.L,"Samsung Electronics Co., Ltd."
SMP.L,St. Modwen Properties PLC
SML.L,Strategic Minerals plc
SMJ.L,J. Smart & Co. (Contractors) PLC
SMDS.L,DS Smith Plc
SMA.L,Sovereign Mines Of Africa PLC
SLP.L,Sylvania Platinum Limited
SLI.L,Standard Life Investments Property Income Trust Limited
SLET.L,Standard Life Equity Income Trust PLC
SLES.L,Standard Life Eq Inc 2016 Subs
SLED.L,The Lebanese Company for the Development and Reconstruction of Beirut Central District S.A.L.
SLE.L,San Leon Energy Plc
SLA.L,Standard Life Aberdeen plc
SKY.L,Sky plc
SKP.L,Skyepharma PLC
SKG.L,Smurfit Kappa Group plc
SJG.L,Schroder Japan Growth Ord
SIV.L,St Ives plc
SIS.L,Science in Sport plc
SIPP.L,Specialist Investment Properties plc
SILF.L,Silver Falcon plc
SIG.L,Signet Jewelers Limited
SIA.L,SOCO International plc
SHRE.L,Share Plc
SHP.L,Shire plc
SHOE.L,Shoe Zone Plc
SHI.L,SIG plc
SHFT.L,Shaft Sinkers Holdings Plc
SHB.L,Shaftesbury PLC
SHAW.L,Shawbrook Group plc
SGZ.L,Scotgold Resources Limited
SGRO.L,SEGRO plc
SGR.L,Shore Capital Group Limited
SGE.L,The Sage Group plc
SFI.L,Sagicor Financial Corp.
SEY.L,Sterling Energy plc
SERE.L,Schroder European Real Estate Investment Trust Plc
SEQI.L,Sequoia Economic Infrastructure Income Fund Limited
SEQC.L,SEQUOIA ECONOMIC INFRASTRUCTURE
SEPU.L,Sepura PLC
SEPL.L,Seplat Petroleum Development Company Plc
SEP.L,Standard Life Euro Private Eq Ord
SEN.L,United Oil & Gas Plc
SEE.L,Seeing Machines Limited
SEC.L,Strategic Equity Capital Ord
SDY.L,Speedy Hire Plc
SDVZ.L,Chelverton Small Companies ZDP plc
SDV.L,Small Companies Dividend Ord
SDRC.L,Schroders plc
SDR.L,Schroders plc
SDP.L,Schroder Asia Pacific Ord
SDL.L,SDL plc
SDI.L,Scientific Digital Imaging PLC
SCT.L,Softcat Plc
SCP.L,Schroder UK Mid Cap Ord
SCN.L,SACOVEN PLC SHS 0.1P
SCL.L,Schlumberger Limited
SCIN.L,The Scottish Investment Trust PLC
SCHO.L,Scholium Group Plc
SCH.L,SafeCharge International Group Limited
SCAM.L,The Scottish American Investment Company P.L.C.
SBS.L,Source BioScience Plc
SBRY.L,J Sainsbury plc
SBLM.L,Sable Mining Africa Limited
SBID.L,State Bank of India
SBER.L,Sberbank of Russia
SBD.L,Songbird Estates PLC
SAUD.L,Steel Authority of India Limited
SARS.L,Sarossa Plc
SAPO.L,South African Property Opportunities plc
SALV.L,SalvaRx Group plc
SAGA.L,Saga plc
SAC.L,SacOil Holdings Limited
SAB.L,SABMiller plc
RYA.L,Ryanair Holdings plc
RXB.L,Rex Bionics Plc
RUG.L,RUG.L
RTO.L,Rentokil Initial plc
RTN.L,The Restaurant Group plc
RTC.L,RTC Group plc
RSW.L,Renishaw plc
RSTI.L,"Rosseti, Public Joint Stock Company"
RSE.L,Riverstone Energy Limited
RSB.L,Rensburg AIM VCT Ord
RSAB.L,RSA Insurance Group plc
RSA.L,RSA Insurance Group plc
RRS.L,Randgold Resources Limited
RRR.L,Red Rock Resources plc
RRL.L,Range Resources Limited
RRE.L,RockRose Energy plc
RR.L,Rolls-Royce Holdings plc
RQIH.L,Randall & Quilter Investment Holdings Ltd
RPS.L,RPS Group plc
RPCN.L,RPC GROUP PLC ORD 5P (NP-24/02/
RPC.L,RPC Group Plc
ROSN.L,Public Joint Stock Company Rosneft Oil Company
ROR.L,Rotork plc
ROL.L,Rotala PLC
RNWH.L,Renew Holdings plc
RNK.L,The Rank Group Plc
RMP.L,Red Emperor Resources NL
RMMC.L,River and Mercantile UK Micro Cap Investment Company Limited
RMM.L,Rambler Metals and Mining PLC
RMG.L,Royal Mail plc
RLE.L,Real Estate Investors plc
RLD.L,Richland Resources Limited
RKMD.L,Public Joint Stock Company Long-Distance and International Telecommunications Rostelecom
RKH.L,Rockhopper Exploration plc
RIV.L,River and Mercantile Group PLC
RIO.L,Rio Tinto plc
RICO.L,"Ricoh Company, Ltd."
RHM.L,Resource Holding Management Limited
RGU.L,Regus plc
RGP.L,Ross Group plc
RGM.L,Regency Mines Plc
RGL.L,Regional REIT Limited
RGI.L,RGI.L
REX.L,Rexam PLC
REM.L,Cadence Minerals Plc
REL.L,RELX PLC
REDT.L,red24 PLC
REAT.L,REACT Group plc
REAC.L,REACT Energy plc
REA.L,REI AGRO LTD GDR(EACH REPR 20 S
RE.L,R.E.A. Holdings plc
RE-B.L,R.E.A. HOLDINGS PLC 9% CUM PRF
RDT.L,Rosslyn Data Technologies plc
RDSB.L,Royal Dutch Shell plc
RDSA.L,Royal Dutch Shell plc
RDL.L,Ranger Direct Lending Fund Plc
RDI.L,Redefine International P.L.C.
RCP.L,RIT Capital Partners plc
RCI.L,RapidCloud International plc
RBS.L,The Royal Bank of Scotland Group plc
RB.L,Reckitt Benckiser Group plc
RAT.L,Rathbone Brothers plc
RAME.L,Rame Energy Plc
QXT.L,Quixant Plc
QTX.L,Quartix Holdings plc
QRT.L,The Quarto Group Inc.
QRM.L,Quorum plc
QQ.L,QinetiQ Group plc
QPP.L,Watchstone Group Plc
QP.L,Quantum Pharma Plc
QIL.L,Qannas Investments Limited
QIF.L,Qatar Investment Fund plc
QFI.L,Quadrise Fuels International PLC
QED.L,Quintain Estates and Development plc
PZC.L,PZ Cussons Plc
PXOG.L,Prospex Oil and Gas plc
PVCS.L,PV Crystalox Solar plc
PURP.L,Purplebricks Group PLC
PURE.L,PureCircle Limited
PUR.L,Pure Wafer plc
PUM9.L,Puma VCT 9 plc
PUB.L,Punch Taverns plc
PU11.L,Puma VCT 11 Plc
PTV.L,PeerTV Plc
PTEC.L,Playtech plc
PTCM.L,Porta Communications Plc
PSPI.L,Public Service Properties Investments Limited
PSON.L,Pearson plc
PSN.L,Persimmon plc
PRZ.L,PRZ.L
PRW.L,Promethean World Plc
PRV.L,Porvair plc
PRU.L,Prudential plc
PRTC.L,PureTech Health plc
PRSM.L,Blue Prism Group plc
PROJ.L,GCP Asset Backed Income Fund Limited
PRO.L,Progressive Digital Media Group PLC
PRG.L,Paragon Diamonds Limited
PREM.L,Premier African Minerals Limited
PPIX.L,ProPhotonix Limited
PPEA.L,PROVEN PLANNED EXIT VCT PLC ORD
PPB.L,Paddy Power Betfair plc
POWR.L,Powerflute Oyj
POS.L,Plexus Holdings plc
POLY.L,Polymetal International Plc
POLR.L,Polar Capital Holdings plc
PNN.L,Pennon Group Plc
PNL.L,Personal Assets Trust plc
PMO.L,Premier Oil plc
PML.L,Papua Mining plc
PMH.L,Puma High Income VCT Ord
PMG.L,The Parkmead Group Plc
PMEA.L,PME African Infrastructure Opportunities PLC
PLP.L,Polypipe Group plc
PLND.L,Poundland Group plc
PLI.L,Perpetual Income and Growth Investment Trust plc
PLAZ.L,Plaza Centers N.V.
PLA.L,Plastics Capital plc
PIN.L,Pantheon International Ord PLC
PHU.L,M&L Property & Assets Plc
PHST.L,OJSC Pharmstandard
PHP.L,Primary Health Properties plc
PHNX.L,Phoenix Group Holdings
PHI.L,Pacific Horizon Ord
PHE.L,PowerHouse Energy Group plc
PGR.L,Phoenix Global Resources plc
PGOO.L,ProVen Growth & Income VCT PLC
PGIL.L,Polyus Gold International Limited
PGH.L,Personal Group Holdings Plc
PFP.L,Pathfinder Minerals Plc
PFLM.L,"PowerFilm, Inc."
PFL.L,Premier Farnell plc
PFG.L,Provident Financial plc
PFC.L,Petrofac Limited
PEZ.L,Pewt Securities 2020 Plc
PEY.L,Princess Private Equity Holding Limited
PEWZ.L,Premier Energy and Water ZDP 2015
PEW.L,Premier Energy and Water Ord/Inc
PETS.L,Pets at Home Group Plc
PEQ.L,Private Equity Investor Ord
PEMB.L,Pembroke VCT PLC
PEL.L,Paragon Entertainment Limited
PEBI.L,Port Erin Biopharma Investments Limited
PDL.L,Petra Diamonds Limited
PDG.L,Pendragon PLC
PCT.L,Polar Capital Technology Trust plc
PCGE.L,PCG Entertainment Plc
PCGB.L,Power Capital Global Limited
PAY.L,PayPoint plc
PAX.L,Pacific Alliance Asia Opportunity Fund Limited
PAL.L,Equatorial Palm Oil plc
PAG.L,The Paragon Group of Companies PLC
PAF.L,Pan African Resources PLC
PACL.L,Pacific Alliance China Land Ltd
PACC.L,Prime Active Capital plc.
PAC.L,Pacific Assets Trust plc
PA.L,PARTNERSHIP ASSURANCE GROUP PLC
OXT.L,Oxford Technology VCT Ord
OXIG.L,Oxford Instruments plc
OXH.L,Oxford Technology VCT 2 Ord
OXB.L,Oxford BioMedica PLC
OVG.L,Ovoca Gold plc
OTMT.L,Orascom Telecom Media and Technology Holding S.A.E.
OTC.L,Ortac Resources Limited
OTB.L,On the Beach Group plc
OSG.L,OpSec Security Group plc
OSEC.L,Octopus AIM VCT 2 plc
OSB.L,OneSavings Bank Plc
ORCP.L,Oracle Power PLC
ORCH.L,Orchard Funding Group PLC
OPPP.L,Origo Partners PLC
OPM.L,1pm PLC
OPHR.L,Ophir Energy Plc
OOA.L,Octopus AIM VCT Ord
ONZ.L,Onzima Ventures PLC
ONEV.L,OneView Group plc
OML.L,Old Mutual plc
OMG.L,Oxford Metrics plc
OGZD.L,Public Joint Stock Company Gazprom
OGDC.L,Oil and Gas Development Company Limited
OEX.L,Oilex Ltd
OEC1.L,Octopus Eclipse VCT plc
ODX.L,Omega Diagnostics Group PLC
OCV4.L,Octopus VCT 4 Ord
OCT.L,Octagonal Plc
OCN.L,Ocean Wilsons Holdings Limited
OCL.L,Oakley Capital Investments Limited
OCDO.L,Ocado Group plc
OBT.L,Obtala Resources Limited
OAP3.L,Octopus Apollo VCT plc
NYO.L,Nyota Minerals Limited
NXT.L,Next Plc
NXR.L,Norcros plc
NWT.L,Newmark Security plc
NWR.L,New World Resources Plc
NWIG.L,Northwest Investment Group Ltd
NVT.L,Northern Venture Trust Ord
NUOG.L,Nu-Oil and Gas plc
NUM.L,Numis Corporation Plc
NTV.L,Northern 2 VCT Ord
NTQ.L,Enteq Upstream Plc
NTN.L,Northern 3 VCT PLC
NTG.L,Northgate plc
NTEA.L,Northern Electric plc
NTBR.L,Northern Bear PLC
NTBC.L,Noida Toll Bridge Company Limited
NSI.L,New Star Investment Trust Ord
NSCI.L,NetScientific plc
NSA.L,Nimrod Sea Assets Limited
NRR.L,NewRiver REIT plc
NRI.L,Northern Investors Ord
NPT.L,NetPlay TV plc
NOVA.L,Nova Resources Limited
NOG.L,Nostrum Oil and Gas PLC
NMD.L,North Midland Construction PLC
NLMK.L,Novolipetsk Steel
NLG.L,Arria NLG plc
NIPT.L,Premaitha Health PLC
NICL.L,Nichols plc
NHY.L,Norsk Hydro ASA
NHL.L,Nomad Foods Limited
NGR.L,Nature Group PLC
NG.L,National Grid plc
NFC.L,Next Fifteen Communications Group plc
NEX.L,National Express Group PLC
NEW.L,New World Oil and Gas Plc
NETD.L,NetDimensions (Holdings) Limited
NEPI.L,New Europe Property Investments Plc
NCYF.L,CQS New City High Yield Fund Limited
NCCL.L,Ncondezi Energy Limited
NCC.L,NCC Group plc
NCA2.L,New Century AIM VCT 2 PLC
NCA.L,New Century AIM VCT Ord
NBS.L,Nationwide Building Society
NBDX.L,NB Distressed Debt Investment Fund Limited
NBDG.L,NB Distressed Debt Investment Fund Limited
NBDD.L,NB DISTRESSED DEBT INVESTMENT F
NBB.L,Norman Broadbent Plc
NASA.L,Nasstar plc
NAS.L,North Atlantic Smaller Cos Ord
NANO.L,Nanoco Group plc
NAIT.L,The North American Income Trust plc
MYT.L,Mytrah Energy Limited
MYSL.L,MySale Group plc
MYI.L,Murray International Ord
MXCP.L,MXC Capital Limited
MWG.L,Modern Water plc
MWE.L,M.T.I Wireless Edge Ltd.
MVI.L,Marwyn Value Investors Limited
MUBL.L,MBL Group plc
MTW.L,Mattioli Woods PLC
MTV.L,Motive Television plc
MTRO.L,Metro Bank PLC
MTPH.L,Midatech Pharma Plc
MTL.L,Metals Exploration Plc
MTFB.L,Motif Bio Plc
MSYS.L,Microsaic Systems PLC
MSMN.L,Mosman Oil And Gas Limited
MRW.L,Wm Morrison Supermarkets PLC
MRO.L,Melrose Industries PLC
MRC.L,The Mercantile Investment Trust plc
MPI.L,PageGroup plc
MOSB.L,Moss Bros Group plc
MONY.L,Moneysupermarket.com Group PLC
MOIL.L,Madagascar Oil Limited
MOGP.L,Mountfield Group Plc
MNP.L,Martin Currie Global Portfolio Trust plc
MNOD.L,Public Joint Stock Company Mining and Metallurgical Company Norilsk Nickel
MNL.L,Manchester & London Investment Trust plc
MNDI.L,Mondi plc
MNC.L,Metminco Limited
MMK.L,Public Joint Stock Company Magnitogorsk Iron & Steel Works
MMH.L,Marshall Motor Holdings Plc
MLD.L,MirLand Development Corporation Plc
MLC.L,Millennium & Copthorne Hotels plc
MKT.L,Market Tech Holdings Limited
MKS.L,Marks and Spencer Group plc
MJW.L,Majestic Wine plc
MIX.L,Mobeus Income & Growth VCT Ord
MIRL.L,Minera IRL Limited
MIL.L,Myanmar Investments International Limited
MIG6.L,Maven Income and Growth VCT 6 Ord
MIG3.L,Maven Income and Growth VCT 3 PLC
MIG2.L,Maven Income and Growth VCT 2 PLC
MHN.L,Menhaden Capital PLC
MHM.L,"Marsh & McLennan Companies, Inc."
MGHC.L,M&G High Income Investment Trust plc
MGGT.L,Meggitt PLC
MGAM.L,Morgan Advanced Materials plc
MERL.L,Merlin Entertainments plc
MERC.L,Mercia Technologies PLC
MEL.L,Mitsubishi Electric Corporation
MDOB.L,Mandarin Oriental International Limited
MDO.L,Mandarin Oriental International Limited
MCT.L,Middlefield Canadian Income PCC - Middlefield Canadian Income - GBP PC
MCS.L,McCarthy & Stone plc
MCRO.L,Micro Focus International plc
MCP.L,Martin Currie Asia Unconstrained Ord
MCON.L,Mincon Group Plc
MCLS.L,McColl's Retail Group plc
MCKS.L,McKay Securities plc
MCGN.L,Microgen plc
MBO.L,MobilityOne Limited
MBH.L,Michelmersh Brick Holdings plc
MASA.L,Masawara PLC
MARS.L,Marston's PLC
MAIL.L,Mail.Ru Group Limited
MAB1.L,Mortgage Advice Bureau (Holdings) PLC
MAB.L,Mitchells & Butlers plc
LXB.L,LXB Retail Properties Plc
LWDB.L,Law Debenture Corporation Ord
LWB.L,Low & Bonar plc
LVRT.L,Levrett plc
LVD.L,Lavendon Group plc
LTI.L,Lindsell Train Investment Trust Plc
LTHM.L,James Latham plc
LSR.L,The Local Shopping REIT plc
LSL.L,LSL Property Services Plc
LSE.L,London Stock Exchange Group plc
LRM.L,Lombard Risk Management plc
LRE.L,Lancashire Holdings Limited
LRD.L,Laird PLC
LNTA.L,Lenta Ltd
LND.L,Landore Resources Limited
LMI.L,Lonmin plc
LME.L,Limitless Earth plc
LLPG.L,Lloyds Banking Group plc
LLPD.L,Lloyds Banking Group plc
LLOY.L,Lloyds Banking Group plc
LLD1.L,Lloyds Banking Group plc
LKOH.L,PJSC LUKOIL
LKOD.L,PJSC LUKOIL
LKOB.L,Public Joint Stock Company Oil Company LUKOIL
LKCS.L,Lucky Cement Limited
LIVN.L,LivaNova PLC
LIV.L,Livermore Investments Group Limited
LIO.L,Liontrust Asset Management Plc
LGO.L,Columbus Energy Resources plc
LGLD.L,LG ELECTRONICS INC GDS(REPR 1/2
LGEN.L,Legal & General Group Plc
LEF.L,Ludgate Environmental Fund Limited
LEAL.L,GN Group Limited
LEAF.L,Leaf Clean Energy Company
LBOW.L,ICG-Longbow Senior Secured UK Property Debt Investments Ltd
LBB.L,Litebulb Group Limited
LAS.L,London & Associated Properties plc
KWS.L,Keywords Studios plc
KWE.L,Kennedy Wilson Europe Real Estate Plc
KUBC.L,Kubera Cross-Border Fund Limited
KSK.L,KSK Power Ventur PLC
KOOV.L,Koovs plc
KOD.L,Kodal Minerals Plc
KNOS.L,Kainos Group plc
KNM.L,Konami Holdings Corporation
KMR.L,Kenmare Resources plc
KMK.L,Kromek Group plc
KMGA.L,JSC KAZMUNAIGAS EXPLORATION PRO
KMCA.L,Komercni Banka AS
KLR.L,Keller Group plc
KLN.L,Kellan Group plc
KIE.L,Kier Group plc
KIBO.L,Kibo Mining Plc
KHTC.L,"Kumho Tire Co., Inc."
KGP.L,Kingspan Group plc
KGF.L,Kingfisher plc
KENV.L,Kennedy Ventures plc
KEFI.L,KEFI Minerals Plc
KDR.L,Karelian Diamond Resources PLC
KCOM.L,KCOM Group PLC
KBT.L,K3 Business Technology Group plc
KBE.L,Kimberly Enterprises N.V.
KBC.L,KBC Advanced Technologies plc
KAZ.L,KAZ Minerals plc
KAY.L,Kings Arms Yard VCT Ord
KAKU.L,Kakuzi Plc
JZCZ.L,JZ Capital Partners Limited
JUP.L,Jupiter Fund Management Plc
JRS.L,JPMorgan Russian Securities Ord
JRIC.L,Japan Residential Investment Co. Ltd.
JRG.L,JRP Group plc
JQW.L,JQW plc
JPS.L,JPMorgan Japan Smaller Companies Trust plc
JPRL.L,Jupiter Energy Limited
JPR.L,Johnston Press plc
JPM.L,JPMorgan Chase & Co.
JPG.L,Jupiter UK Growth Ord
JPEL.L,JPEL Private Equity Limited
JPEI.L,JPMorgan Elect plc - Managed Income
JPEC.L,JPMorgan Elect plc 
JPE.L,JPMorgan Elect plc 
JOG.L,Jersey Oil and Gas Plc
JNY.L,Journey Group plc
JMO.L,JPMorgan Overseas Ord
JMIS.L,JPMorgan Smaller 2017 Subs
JMF.L,JPMorgan Mid Cap Investment Trust plc
JMAT.L,Johnson Matthey Plc
JLT.L,Jardine Lloyd Thompson Group plc
JLP.L,Jubilee Platinum Plc
JLIF.L,John Laing Infrastructure Fund Ltd.
JLG.L,John Laing Group plc
JLEN.L,John Laing Environmental Assets Group Limited
JKX.L,JKX Oil & Gas plc
JIM.L,Jarvis Securities plc
JIL.L,Juridica Investments Ltd
JII.L,JPMorgan Indian Ord
JIGC.L,JPMorgan Income & Growth Cap Share
JHD.L,James Halstead plc
JGCI.L,JPMorgan Global Convertibles Income Fund Limited
JGC.L,Jupiter Green Investment Trust PLC
JFJ.L,JPMorgan Japanese Ord
JETG.L,JPMorgan European Investment Trust plc - Growth Shares
JEL.L,Jersey Electricity plc
JE.L,JUST EAT plc
JDW.L,J D Wetherspoon plc
JDT.L,Jupiter Dividend & Growth Trust PLC
JDSB.L,Jardine Strategic Holdings Limited
JDG.L,Judges Scientific plc
JD.L,JD Sports Fashion plc
JCH.L,JPMorgan Claverhouse Ord
JARB.L,Jardine Matheson Holdings Limited
JAR.L,Jardine Matheson Holdings Limited
JAM.L,JPMorgan American Ord
IXI.L,IXICO Plc
IVPU.L,Invesco Perpetual Select Trust plc - UK Equity Share Portfolio
IVPG.L,Invesco Perpetual Select Trust plc - Global Equity Income Share Portfolio
IVPB.L,Invesco Perpetual Select Trust plc - Balanced Risk Share Portfolio
IVI.L,Invesco Income Growth Ord
ITV.L,ITV plc
ISAT.L,Inmarsat Plc
IPX.L,Impax Asset Management Group plc
IPU.L,Invesco Perpetual UK Smaller Ord
IPF.L,International Personal Finance Plc
ION1.L,Iona Environmental VCT Ord
IOG.L,Independent Oil and Gas plc
INV.L,The Investment Company plc
INSP.L,Inspirit Energy Holdings Plc
INSE.L,Inspired Energy plc
INLZ.L,Inland ZDP PLC
INFI.L,Infinis Energy plc
INF.L,Informa plc
INDV.L,Indivior PLC
INCH.L,Inchcape plc
IMT.L,Imperial Brands PLC
IMI.L,IMI plc
IMG.L,Imagination Technologies Group plc
IKK.L,Inch Kenneth Kajang Rubber Public Limited Company
III.L,3i Ord
IHG.L,InterContinental Hotels Group PLC
IHC.L,Inspiration Healthcare Group plc
IGG.L,IG Group Holdings plc
IGAS.L,IGas Energy Plc
IFL.L,International Ferro Metals Limited
IEVH.L,Ingenious Entertainment VCT 2 H
IEVD.L,Ingenious Entertainment VCT 2D Ord
IE1G.L,Ingenious Entertainment VCT 1G Ord
IE1F.L,Ingenious Entertainment VCT 1F Ord
IE1D.L,Ingenious Entertainment VCT 1D Ord
IDHC.L,Integrated Diagnostics Holdings plc
ICTB.L,Investors Capital B Share Ord
ICTA.L,Investors Capital A Share Ord
ICP.L,Intermediate Capital Group plc
ICGC.L,Irish Continental Group plc
IBT.L,International Biotechnology Trust plc
IBST.L,Ibstock plc
IBEX.L,IBEX Global Solutions plc
IAT.L,Invesco Asia Trust plc
IAP.L,ICAP plc
IAG.L,"International Consolidated Airlines Group, S.A."
IAE.L,Ithaca Energy Inc.
HZD.L,Horizon Discovery Group plc
HYDR.L,Public Joint-Stock Company Federal Hydro-Generating Company - RusHydro
HWDN.L,Howden Joinery Group Plc
HW.L,Harwood Wealth Management Group Plc
HVT.L,The Heavitree Brewery PLC
HVN.L,Harvey Nash Group plc
HUNT.L,Hunters Property Group Limited
HTY.L,HellermannTyton Group PLC
HTG.L,Hunting plc
HSX.L,Hiscox Ltd
HSW.L,Hostelworld Group Plc
HSV.L,HomeServe plc
HSTN.L,Hansteen Holdings PLC
HSTG.L,Hastings Group Holdings plc
HSS.L,HSS Hire Group plc
HSP.L,Hargreaves Services Plc
HSM.L,Samuel Heath & Sons PLC
HSBA.L,HSBC Holdings plc
HRI.L,Herald Ord
HR1O.L,Hazel Renewable Energy VCT1 Plc
HR1A.L,Hazel Renewable Energy VCT1 Plc
HPAC.L,Hermes Pacific Investments plc
HONY.L,Honeycomb Investment Trust Plc
HON.L,Honeywell International Inc.
HOME.L,Home Retail Group plc
HOC.L,Hochschild Mining PLC
HNL.L,Hague and London Oil PLC
HMSO.L,Hammerson plc
HLMA.L,Halma plc
HLCL.L,Helical plc
HL.L,Hargreaves Lansdown plc
HKLD.L,Hongkong Land Holdings Limited
HHVT.L,Hargreave Hale AIM VCT 2 plc
HHV.L,Hargreave Hale AIM VCT 1 Ord
HHI.L,Henderson High Income Ord
HGM.L,Highland Gold Mining Limited
HGL.L,Henderson Global Trust Ord
HGG.L,Henderson Group plc
HFG.L,Hilton Food Group plc
HFEL.L,Henderson Far East Income Limited
HFD.L,Halfords Group plc
HEAD.L,Headlam Group plc
HDIV.L,Henderson Diversified Income Trust Plc
HCP.L,The Hotel Corporation plc
HAYD.L,Haydale Graphene Industries plc
HAWK.L,Nighthawk Energy plc
HAST.L,Henderson Alternative Strategies Trust
HAS.L,Hays plc
HANA.L,Hansa Trust PLC
HAN.L,Hansa Trust PLC
GYM.L,The Gym Group plc
GWP.L,GW Pharmaceuticals plc
GWMO.L,Great Western Mining Corporation PLC
GWI.L,Globalworth Real Estate Investment Limited
GTS.L,GTS Chemical Holdings plc
GTLY.L,Gateley (Holdings) Plc
GSS.L,Genesis Emerging Markets Fund
GSK.L,GlaxoSmithKline plc
GRTB.L,Guaranty Trust Bank Plc
GRPH.L,Graphene NanoChem plc
GRL.L,Goldstone Resources Limited
GRIT.L,Global Resources IT Ord
GRI.L,Grainger Plc
GPRT.L,"Goldenport Holdings, Inc."
GPOR.L,Great Portland Estates plc
GOOD.L,Good Energy Group PLC
GOG.L,The Go-Ahead Group plc
GOAL.L,Goals Soccer Centres plc
GNS.L,Genus plc
GNK.L,Greene King plc
GNC.L,Greencore Group plc
GMR.L,Gaming Realms plc
GMD.L,GAME Digital plc
GMAA.L,Gama Aviation Plc
GLTD.L,Global Telecom Holding S.A.E.
GLS.L,Galasys plc
GLOO.L,Gloo Networks Plc
GLIF.L,GLI Finance Limited
GLEN.L,Glencore Plc
GLE.L,MJ Gleeson PLC
GLAF.L,GLI Alternative Finance Ord
GKP.L,Gulf Keystone Petroleum Limited
GKN.L,GKN plc
GHS.L,Gresham House Strategic plc
GHH.L,Gooch & Housego plc
GHG.L,Georgia Healthcare Group PLC
GFTU.L,Grafton Group plc
GFS.L,G4S plc
GFRD.L,Galliford Try plc
GFM.L,Griffin Mining Limited
GENL.L,Genel Energy plc
GEMD.L,Gem Diamonds Limited
GEL.L,Greka Engineering & Technology Ltd.
GEEC.L,Great Eastern Energy Corporation Limited
GED.L,Nautilus Marine Services PLC
GEC.L,General Electric Company
GDL.L,Greka Drilling Limited
GDG.L,Green Dragon Gas Limited
GCLA.L,Grupo Clarín S.A.
GAZ.L,PJSC Gazprom Neft
GAW.L,Games Workshop Group PLC
GAMA.L,Gamma Communications plc
GAL.L,Galantas Gold Corporation
GACB.L,General Accident Plc
GACA.L,General Accident Plc
FXPO.L,Ferrexpo Plc
FXI.L,Fusionex International Plc
FTSV.L,Foresight Solar & Infrastructure VCT plc
FTE.L,Forte Energy NL
FTD.L,Foresight 3 VCT Plc
FSV.L,Fidelity Investment Trust - Fidelity Special Values PLC
FSJ.L,James Fisher and Sons plc
FRX.L,Keras Resources Plc
FRR.L,Frontera Resources Corporation
FRES.L,Fresnillo PLC
FQM.L,First Quantum Minerals Ltd.
FPM.L,Faroe Petroleum plc
FPEO.L,F&C Private Equity Trust plc
FP.L,Fondul Proprietatea SA
FOXT.L,Foxtons Group PLC
FOUR.L,4imprint Group plc
FOGL.L,Falkland Oil and Gas Ltd.
FOG.L,Falcon Oil & Gas Ltd.
FMPI.L,F&C Managed Portfolio Trust plc - Income Shares
FMPG.L,F&C Managed Portfolio Trust plc - Growth Portfolio
FLYB.L,Flybe Group PLC
FLX.L,Falanx Group Limited
FLK.L,Fletcher King Plc
FJVS.L,Fidelity Japanese Values PLC
FJV.L,Fidelity Japanese Values Ord
FIVE.L,X5 Retail Group N.V.
FISH.L,Fishing Republic plc
FGT.L,Finsbury Growth & Income Ord
FGP.L,Firstgroup plc
FFY.L,Fyffes plc
FEVR.L,Fevertree Drinks Plc
FEV.L,Fidelity Investment Trust - Fidelity European Values plc
FETD.L,Far Eastern New Century Corporation
FEET.L,Fundsmith Emerging Equities Trust
FEC.L,"Far EasTone Telecommunications Co., Ltd."
FDSA.L,Fidessa group plc
FDI.L,Firestone Diamonds plc
FDEV.L,Frontier Developments Plc
FCS.L,F&C Global Smaller Companies PLC
FCRM.L,Fulcrum Utility Services Limited
FCR.L,Ferrum Crescent Limited
FCPT.L,F&C Commercial Property Trust Limited
FCIF.L,Funding Circle SME Income Fund Limited
FCI.L,F&C Capital and Income Investment Trust PLC
FBT.L,Forbidden Technologies plc
FAST.L,Amryt Pharma plc
FAS.L,Fidelity Asian Values Ord
FAN.L,Volution Group plc
FAL.L,Falcon Media House Limited
FAIC.L,FAIR OAKS INCOME LIMITED C SHS
EZJ.L,easyJet plc
EZH.L,easyHotel plc
EYE.L,Eagle Eye Solutions Group PLC
EXPN.L,Experian plc
EXI.L,Exillon Energy plc
EWI.L,Edinburgh Worldwide Ord
EVR.L,EVRAZ plc
ETQ.L,Energy Technique plc
ETO.L,Entertainment One Ltd.
ETI.L,Ei Group plc
ESUR.L,esure Group plc
ESR.L,Ensor Holdings plc
ESP.L,Empiric Student Property Ord
ESO.L,EPE Special Opportunities plc
ESNT.L,Essentra plc
ESG.L,eServGlobal Limited
ERM.L,Euromoney Institutional Investor PLC
ERGO.L,Ergomed plc
ERET.L,European Real Estate Investment Trust Limited
EQN.L,Equiniti Group plc
EPWN.L,Epwin Group PLC
EPO.L,Earthport plc
EPIC.L,Ediston Property Investment Company
EPIA.L,EPISTAR CORPORATION GDR (EACH R
EPG.L,EP Global Opportunities Trust plc
EOG.L,Europa Oil & Gas (Holdings) plc
ENTU.L,entu (UK) plc
ENQ.L,EnQuest PLC
ENDV.L,Endeavour International Corporation
EMR.L,Empresaria Group plc
EMM.L,Emerging Market Minerals plc
EMIS.L,EMIS Group plc
EMH.L,European Metals Holdings Limited
EMG.L,Man Group plc
EME.L,Empyrean Energy Plc
EMAN.L,Everyman Media Group plc
ELX.L,El Oro Ltd
ELTZ.L,Electra Private Equity (Spl) ZDP 2016
ELTA.L,Electra Private Equity Ord/Inc
ELSA.L,Societatea Energetica Electrica S.A.
ELM.L,Elementis plc
ELLA.L,Ecclesiastical Insurance Office plc
ELE.L,Electric Word plc
ELCO.L,Elecosoft plc
ELA.L,Eland Oil & Gas PLC
EKT.L,Elektron Technology plc
EKF.L,EKF Diagnostics Holdings plc
EIH.L,EIH plc
EHP.L,Genedrive plc
EHG.L,Elegant Hotels Group Plc
EGS.L,eg solutions plc
EGMD.L,Evergreen Marine Corporation (Taiwan) Ltd
EGI.L,Electrical Geodesics Incorporated
EFM.L,Edinburgh Dragon Ord
EFID.L,Edita Food Industries Company (S.A.E)
EFGD.L,EFG Hermes Holding S.A.E.
EEP.L,Eastern European Property Fund
EDV.L,Elderstreet VCT plc
EDR.L,Egdon Resources plc
EDP.L,Electronic Data Processing plc
EDL.L,Edenville Energy Plc
EDIN.L,Edinburgh Investment Ord
EDGI.L,Edge Performance VCT Public Limited Company
EDGH.L,Edge Performance VCT Public Limited Company
EDGG.L,Edge Performance VCT 'G' Ord
EDGF.L,Edge Performance VCT 'F' Ord
EDGE.L,Edge Performance VCT 'E' Ord
EDGD.L,Edge Performance VCT 'D' Ord
EDGC.L,Edge Performance VCT 'C' Ord
EDG.L,Edge Resources Inc.
EDEN.L,Eden Research PLC
ECWZ.L,Ecofin Water & Power Opps ZDP 2016
ECWO.L,Ecofin Water & Power Opps Ord/Inc
ECV.L,Tax Systems plc
ECR.L,ECR Minerals plc
ECM.L,Electrocomponents plc
ECK.L,Eckoh Plc
ECEL.L,Eurocell plc
ECAP.L,ECAP.L
EBQ.L,Ebiquity plc
EBIV.L,Eastbridge Investments Plc
EAT.L,European Assets Trust NV
EAS.L,Energy Assets Group Plc
EAH.L,ECO Animal Health Group plc
DX.L,DX (Group) plc
DWHT.L,Dewhurst plc
DWHA.L,Dewhurst plc
DVWA.L,Dee Valley Group plc
DVW.L,Dee Valley Group plc
DVT.L,daVictus plc
DVO.L,Devro plc
DUPD.L,Dragon Ukrainian Properties & Development plc
DUKE.L,Duke Royalty Limited
DTY.L,Dignity plc
DTG.L,Dart Group plc
DTC.L,Datatec Limited
DSG.L,Dillistone Group Plc
DRX.L,Drax Group plc
DRV.L,Driver Group plc
DRTY.L,Darty plc
DRS.L,DRS Data & Research Services plc
DRIP.L,Drum Income Plus REIT Plc
DRG.L,Draganfly Investments Limited
DREF.L,Duet Real Estate Finance Limited
DQE.L,DQ Entertainment Plc
DPP.L,DP Poland PLC
DPLM.L,Diploma PLC
DPH.L,Dechra Pharmaceuticals plc
DPA.L,DP Aircraft I Limited
DP3J.L,Downing THREE VCT plc
DP3H.L,Downing Three VCT 'H' Ord
DP3F.L,Downing Three VCT 'F' Ord
DP3E.L,Downing THREE VCT plc
DP3D.L,Downing Three VCT 'D' Ord
DP3C.L,Downing THREE VCT plc
DP3A.L,Downing THREE VCT plc
DP2K.L,Downing Two VCT 'K' Ord
DP2G.L,Downing Two VCT 'G' Ord
DP2F.L,Downing Two VCT 'F' Ord
DP2E.L,Downing Two VCT Plc
DP2D.L,Downing Two VCT 'D' Ord
DP2C.L,Downing Two VCT Plc
DP2A.L,Downing Two VCT Plc
DOTD.L,dotDigital Group Plc
DOM.L,Domino's Pizza Group plc
DODS.L,Dods Group PLC
DO1O.L,Downing Four VCT DSO 1
DO1D.L,Downing FOUR VCT plc
DO1C.L,Downing FOUR VCT plc
DO1B.L,Downing FOUR VCT plc
DO1A.L,Downing FOUR VCT plc
DNLM.L,Dunelm Group plc
DNL.L,Diurnal Limited
DNE.L,Dunedin Enterprise Ord
DNDL.L,Dunedin Smaller Companies Ord
DNA3.L,Doric Nimrod Air 3 Ltd.
DNA2.L,Doric Nimrod Air Two Limited
DNA.L,Doric Nimrod Air One Limited
DMGT.L,Daily Mail and General Trust plc
DLN.L,Derwent London plc
DLG.L,Direct Line Insurance Group PLC
DLAR.L,De La Rue plc
DKL.L,DekelOil Public Limited
DJI.L,BNN Technology plc
DJAN.L,Daejan Holdings Plc
DIVI.L,Diverse Income Trust Ord
DIS.L,Distil plc
DIGS.L,GCP Student Living Ord
DIG.L,Dunedin Income Growth Ord
DIA.L,Dialight plc
DGS.L,Digital Globe Services Inc.
DGED.L,Diageo plc
DGE.L,Diageo plc
DGB.L,Digital Barriers plc
DFX.L,Defenx Plc
DFS.L,DFS Furniture plc
DFIB.L,Dairy Farm International Holdings Limited
DEMG.L,Deltex Medical Group plc
DEB.L,Debenhams plc
DDV1.L,Downing ONE VCT
DDDD.L,4D pharma plc
DDD.L,DDD Group plc
DCP.L,Diamondcorp Plc
DCI.L,Dolphin Capital Investors Limited
DCG.L,Dairy Crest Group plc
DCD.L,DCD Media Plc
DCC.L,DCC plc
DC.L,Dixons Carphone plc
DATA.L,GlobalData Plc
DAN.L,Daniel Stewart Securities plc
DALR.L,Dalradian Resources Inc.
DAL.L,Dalata Hotel Group plc
DAIP.L,SysGroup plc
DAB.L,Dexion Absolute Limited
D4SO.L,Downing Four VCT Dp2011 Str Ords
D4SA.L,Downing Four VCT Dp2011 Str A Shs
D4OO.L,Downing FOUR VCT plc
D4OA.L,Downing FOUR VCT plc
D4LC.L,Downing Four VCT Dp2011 Low Carb
D467.L,Downing FOUR VCT plc
CZB.L,Commerzbank AG
CZA.L,Coal of Africa Limited
CYS.L,Chrysalis VCT Ord
CYN.L,City Natural Resources High Yield Trust plc
CYBG.L,CYBG PLC
CYAN.L,CyanConnode Holdings Plc
CWR.L,Ceres Power Holdings plc
CWK.L,Cranswick plc
CWD.L,Countrywide plc
CWC.L,Cable & Wireless Communications Plc
CVSG.L,CVS Group plc
CVR.L,Conviviality Plc
CTYA.L,The City of London Investment Trust plc
CTY.L,The City of London Investment Trust plc
CTR.L,Charles Taylor plc
CTP.L,Castleton Technology plc
CTO.L,TClarke plc
CTI.L,Cathay International Holdings Limited
CTH.L,CareTech Holdings PLC
CTG.L,Christie Group plc
CTAG.L,CloudTag Inc.
CSSG.L,Croma Security Solutions Group PLC
CSRT.L,Consort Medical plc
CSP.L,Countryside Properties PLC
CSN.L,Chesnara plc
CSI.L,CORETX HOLDINGS PLC ORD 2.5P
CSG.L,Sweett Group plc
CSFG.L,CSF Group plc
CRX.L,Cyprotex plc
CRWN.L,Crown Place VCT Ord
CRW.L,Craneware plc
CRV.L,Craven House Capital Plc
CRU.L,Coral Products plc
CRST.L,Crest Nicholson Holdings plc
CRS.L,Crystal Amber Fund Limited
CRPR.L,James Cropper PLC
CROS.L,Crossrider Plc
CRON.L,Cronin Group Plc
CRND.L,Central Rand Gold Limited
CRN.L,Cairn Homes plc
CRL.L,Creightons plc
CRH.L,CRH plc
CREI.L,Custodian REIT Plc
CRE.L,Creston plc
CRDA.L,Croda International plc
CRC.L,Circle Property PLC
CRAW.L,Crawshaw Group plc
CPX.L,Cap-XX Limited
CPS.L,CPL Resources plc
CPR.L,Carpetright plc
CPP.L,CPPGroup Plc
CPI.L,Capita plc
CPG.L,Compass Group PLC
COP.L,Circle Oil plc
COMS.L,RedstoneConnect Plc
COG.L,Cambridge Cognition Holdings Plc
COD.L,Compagnie de Saint-Gobain S.A.
COB.L,Cobham plc
CNSD.L,China Steel Corporation
CNS.L,Corero Network Security plc
CNR.L,Condor Gold PLC
CNN.L,Caledonian Trust plc
CNMI.L,Camper & Nicholsons Marina Investment Ltd
CNKS.L,Cenkos Securities plc
CNIC.L,CentralNic Group Plc
CNG.L,China Nonferrous Gold Limited
CNEL.L,China New Energy Limited
CNE.L,Cairn Energy plc
CNC.L,Concurrent Technologies plc
CNA.L,Centrica plc
CMX.L,Catalyst Media Group Plc
CMS.L,Communisis plc
CML.L,CML Microsystems plc
CMIP.L,Capital Management and Investment plc
CMH.L,Chamberlin plc
CMCX.L,CMC Markets Plc
CMCL.L,Caledonia Mining Corporation Plc
CMBN.L,Cambian Group plc
CMB.L,Cambria Africa plc
CLTV.L,Cellcast plc
CLSU.L,"ClearStar, Inc."
CLST.L,"ClearStar, Inc."
CLP.L,Clear Leisure plc
CLON.L,Clontarf Energy plc
CLNR.L,Cluff Natural Resources Plc
CLLN.L,Carillion plc
CLL.L,Cello Group Plc
CLIN.L,Clinigen Group Plc
CLIG.L,City of London Investment Group PLC
CLI.L,CLS Holdings plc
CLG.L,Clipper Logistics plc
CLDN.L,Caledonia Investments Ord
CLCD.L,Calculus VCT 'D' Ord
CLCC.L,Calculus VCT plc
CLC.L,Calculus VCT 'D' Ord
CKN.L,Clarkson PLC
CIU.L,Cape plc
CITY.L,CityFibre Infrastructure Holdings Plc
CIRC.L,Circle Holdings plc
CIR.L,Circassia Pharmaceuticals Plc
CINE.L,Cineworld Group plc
CIN.L,City of London Group plc
CIHL.L,Caribbean Investment Holdings Limited
CIFU.L,Carador Income Fund USD Ord
CICZ.L,CONYGAR ZDP PLC ZDP SHS 1P
CICG.L,CIC Gold Group Limited
CIC.L,The Conygar Investment Company PLC
CHZN.L,Public Joint-Stock Company Chelyabinsk Zinc Plant
CHT.L,"Constellation Healthcare Technologies, Inc."
CHRT.L,Cohort PLC
CHOO.L,Jimmy Choo PLC
CHOC.L,United Cacao Limited SEZC
CHH.L,Churchill China plc
CHGN.L,Chemring Group plc
CHG.L,Chemring Group plc
CHE.L,Public Joint Stock Company Cherkizovo Group
CHAR.L,Chariot Oil & Gas Limited
CHAL.L,Challenger Acquisitions Limited
CHA.L,Concha plc
CGW.L,Chelverton Growth Trust Ord
CGVD.L,CG Power and Industrial Solutions Limited
CGT.L,Capital Gearing Ord
CGS.L,Castings P.L.C.
CGP.L,Cogenpower plc
CGNR.L,Conroy Gold and Natural Resources plc
CGLO.L,Chagala Group Limited
CGI.L,"Canadian General Investments, Limited"
CGH.L,Chaarat Gold Holdings Limited
CFYN.L,Caffyns plc
CFX.L,Colefax Group plc
CFHS.L,"Cathay Financial Holding Co., Ltd."
CFHL.L,CityFibre Infrastructure Holdings Plc
CF.L,Canaccord Genuity Group Inc.
CEY.L,Centamin Plc
CER.L,Cerillion PLC
CEPS.L,CEPS plc
CEIR.L,"Compal Electronics, Inc."
CEIA.L,COMPAL ELECTRONICS INC GDS (EAC
CDOG.L,CDialogues plc
CDI.L,Candover Investments Ord
CDFF.L,The Cardiff Property Public Limited Company
CCT.L,The Character Group plc
CCR.L,C&C Group plc
CCPG.L,CVC Credit Partners European Opportunities Limited
CCPE.L,CVC Credit Partners European Opportunities Limited
CCPC.L,Celtic plc
CCPA.L,Celtic plc
CCP.L,Celtic plc
CCL.L,Carnival plc
CCJI.L,CC Japan Income & Growth Ord
CCH.L,Coca-Cola HBC AG
CCDS.L,Nationwide Building Society
CCC.L,Computacenter plc
CCAP.L,Charlemagne Capital Limited
CBUY.L,CloudBuy plc
CBQS.L,The Commercial Bank (P.S.Q.C.)
CBP.L,Curtis Banks Group plc
CBKD.L,Commercial International Bank (Egypt) S.A.E.
CBG.L,Close Brothers Group plc
CAZA.L,"Caza Oil & Gas, Inc."
CAY.L,Charles Stanley Group plc
CAU.L,Centaur Media plc
CATC.L,CATCO REINSURANCE OPPORTUNITIES
CAT.L,CATCo Reinsurance Opportunities Fund Ltd.
CARR.L,Carr's Group plc
CARD.L,Card Factory PLC
CAR.L,Carclo plc
CAPD.L,Capital Drilling Limited
CAPC.L,Capital & Counties Properties PLC
CAML.L,Central Asia Metals Plc
CAMB.L,Cambria Automobiles plc
CAM.L,Camellia PLC
CAL.L,Capital & Regional plc
CAKE.L,Patisserie Holdings plc
CAF.L,China Africa Resources plc
CAD.L,Cadogan Petroleum PLC
C4XD.L,C4X Discovery Holdings plc
C21.L,21st Century Technology plc
BZT.L,Bezant Resources plc
BZM.L,Bellzone Mining plc
BYOT.L,Byotrol plc
BYG.L,Big Yellow Group plc
BXP.L,Beximco Pharmaceuticals Limited
BWY.L,Bellway p.l.c.
BWSA.L,Bristol & West plc
BWRA.L,Bristol Water Holdings UK Limited
BWO.L,Barloworld Limited
BWNG.L,N Brown Group plc
BVXP.L,Bioventix PLC
BVT.L,Baronsmead Venture Trust Ord
BVS.L,Bovis Homes Group PLC
BVM.L,Touchstar plc
BVIC.L,Britvic Plc
BVC.L,BATM Advanced Communications Ltd.
BVA.L,"Banco Bilbao Vizcaya Argentaria, S.A."
BUT.L,Brunner Ord
BUR.L,Burford Capital Limited
BTG.L,BTG plc
BTEM.L,British Empire Ord
BT-A.L,BT Group plc
BSV.L,British Smaller Companies VCT Ord
BSIF.L,Bluefield Solar Income Fund Ltd.
BSET.L,BlackRock Income Strategies Trust plc
BSE.L,Base Resources Limited
BSD.L,B.S.D. Crown Ltd.
BSC.L,British Smaller Companies VCT2 Ord
BRY.L,Brady plc
BRWM.L,BlackRock World Mining Trust plc
BRW.L,Brewin Dolphin Holdings plc
BRSN.L,Berendsen plc
BRSC.L,BlackRock Smaller Companies Ord
BRNA.L,BlackRock North American Ord
BRLA.L,BlackRock Latin American Ord
BRK.L,Brooks Macdonald Group plc
BRIG.L,BlackRock Income and Growth Investment Trust plc
BRGS.L,BRGS.L
BRGE.L,BlackRock Greater Europe Ord
BRFC.L,BRFC.L
BREE.L,Breedon Group plc
BRD.L,BlueRock Diamonds PLC
BRCI.L,BlackRock Commodities Income Ord
BRBY.L,Burberry Group plc
BRAM.L,Brammer plc
BQE.L,Bioquell plc
BQAD.L,Bank Audi S.A.L.
BQ30.L,LEBANESE COMPANY FOR THE DEVELO
BPTY.L,bwin.party digital entertainment plc
BPM.L,B.P.Marsh & Partners Ord
BPKD.L,Bank Pekao S.A.
BPI.L,British Polythene Industries plc
BPFU.L,BLUE PLANET FINANCIALS GROWTH A
BPC.L,Bahamas Petroleum Company plc
BP.L,BP p.l.c.
BP-B.L,BP PLC 9% CUM 2ND PRF #1
BP-A.L,BP PLC 8% CUM 1ST PRF #1
BOY.L,Bodycote plc
BOX.L,Boxhill Technologies Plc
BOTB.L,Best of the Best Plc
BOR.L,Borders & Southern Petroleum plc
BOOM.L,Audioboom Group plc
BOO.L,boohoo.com plc
BON.L,Bonmarché Holdings plc
BOL.L,BOL.L
BOK.L,Booker Group PLC
BOIL.L,Baron Oil Plc
BOE.L,The Boeing Company
BODD.L,Banco de Chile
BOD.L,Botswana Diamonds PLC
BNZL.L,Bunzl plc
BNS.L,Baronsmead VCT 4 Ord
BNR.L,Blenheim Natural Resources plc
BNKR.L,Bankers Ord
BNK.L,Bankers Petroleum Ltd.
BNC.L,"Banco Santander, S.A."
BMY.L,Bloomsbury Publishing plc
BMTO.L,T.F. & J.H. Braime (Holdings) P.L.C.
BMT.L,T.F. & J.H. Braime (Holdings) P.L.C.
BMS.L,Braemar Shipping Services plc
BMR.L,BMR Group plc
BMN.L,Bushveld Minerals Limited
BMK.L,Benchmark Holdings plc
BME.L,B&M European Value Retail S.A.
BMD.L,Baronsmead Second Venture Trust Ord
BLVN.L,BowLeven plc
BLV.L,Belvoir Lettings Plc
BLUR.L,blur Group plc
BLU.L,Blue Star Capital plc
BLT.L,BHP Billiton plc
BLP.L,Blue Planet Investment Trust
BLNX.L,RhythmOne plc
BLND.L,The British Land Company PLC
BLEY.L,C.H. Bailey plc
BLBD.L,BLOM Bank SAL
BKY.L,Berkeley Energia Limited
BKMA.L,BANKMUSCAT (S.A.O.G.) GDR (EACH
BKM.L,Bank muscat SAOG
BKIR.L,The Governor and Company of the Bank of Ireland
BKIC.L,Bank Of Ireland Group plc
BKG.L,The Berkeley Group Holdings plc
BJU.L,System1 Group PLC
BISI.L,Bisichi Mining Plc
BIOM.L,Biome Technologies plc
BIOG.L,The Biotech Growth Trust PLC
BILN.L,Billington Holdings Plc
BILL.L,Billing Services Group Limited
BILB.L,Bilby Plc
BHY.L,Henry Boot PLC
BHRD.L,Be Heard Group plc
BHMU.L,BH Macro Limited
BHMG.L,BH Macro Limited
BHME.L,BH Macro Limited
BHGU.L,BH Global Limited
BHGG.L,BH Global Limited
BGS.L,Baillie Gifford Shin Nippon Ord
BGO.L,Bango PLC
BGLF.L,Blackstone/GSO Loan Financing Ltd
BGFD.L,The Baillie Gifford Japan Trust PLC
BGEO.L,BGEO Group plc
BG.L,BG Group plc
BFA.L,BASF SE
BEZ.L,Beazley plc
BET.L,Betfair Group PLC
BEM.L,Beowulf Mining plc
BEG.L,Begbies Traynor Group plc
BEE.L,Baring Emerging Europe PLC
BDV.L,Baronsmead VCT Ord
BDI.L,Bond International Software plc
BDEV.L,Barratt Developments plc
BD82.L,Henry Boot PLC
BD70.L,LOW & BONAR PLC 6% 2ND CUM PRF
BD45.L,LEWIS (JOHN) PARTNERSHIP PLC 5%
BD32.L,LEWIS (JOHN) PARTNERSHIP PLC 7
BD15.L,Tate & Lyle plc
BCRE.L,BCRE-Brack Capital Real Estate Investments N.V.
BCN.L,Bacanora Minerals Ltd.
BCGR.L,Blue Capital Global Reinsurance Fund Limited
BCB.L,Caribbean Investment Holdings Limited
BCA.L,BCA Marketplace plc
BC94.L,"Samsung Electronics Co., Ltd."
BC88.L,Chemring Group plc
BC32.L,JOHN LEWIS PLC 7% CUM PRF STK #
BBYB.L,Balfour Beatty plc
BBY.L,Balfour Beatty plc
BBOX.L,Tritax Big Box
BBA.L,BBA Aviation plc
BB90.L,BB90.L
BB39.L,HENDERSON GLOBAL TRUST PLC 3.75
BAV.L,Baronsmead VCT 5 Ord
BAUD.L,Bajaj Holdings & Investment Limited
BATS.L,British American Tobacco p.l.c.
BARC.L,Barclays PLC
BAR.L,The Brighton Pier Group PLC
BAG.L,A.G. BARR p.l.c.
BAF.L,British & American Ord
BAC.L,Bank of America Corporation
BABU.L,BlueCrest AllBlue Fund Limited
BABS.L,BlueCrest AllBlue Fund Limited
BAB.L,Babcock International Group plc
BA69.L,The City of London Investment Trust plc
BA29.L,MORGAN ADVANCED MATERIALS PLC 5
BA.L,BAE Systems plc
B8F.L,Biofrontera AG
AZN.L,AstraZeneca PLC
AYM.L,Anglesey Mining plc
AXS.L,Accsys Technologies Plc
AXM.L,Alexander Mining plc
AXI.L,Axiom European Financial Debt Limited
AXBA.L,AXIS Bank Limited
AXB.L,Axis Bank Limited
AVV.L,AVEVA Group plc
AVS.L,Avesco Group plc
AVR.L,Avarae Global Coins Plc
AVP.L,EVR Holdings plc
AVON.L,Avon Rubber p.l.c.
AVO.L,Advanced Oncotherapy PLC
AVN.L,Avanti Communications Group PLC
AVM.L,Avocet Mining plc
AVGR.L,AvangardCo Investments Public Limited
AVG.L,Avingtrans plc
AVCT.L,Avacta Group Plc
AVAP.L,Avation PLC
AVA.L,Avanti Capital plc
AV.L,Aviva plc
AV-B.L,AVIVA PLC 8 3/8% CUM IRRD PRF #
AV-A.L,AVIVA PLC 8 3/4% CUM IRRD PRF #
AUTO.L,Auto Trader Group plc
AUKT.L,Aberdeen UK Tracker Ord
AUK.L,Aukett Swanke Group Plc
AUG.L,Augean plc
AUE.L,Avesoro Resources Inc.
ATYM.L,Atalaya Mining plc
ATY.L,Athelney Trust Ord
ATT.L,Allianz Technology Trust Ord
ATST.L,Alliance Trust Ord
ATSS.L,Artemis Alpha Trust plc
ATS.L,Artemis Alpha Trust Ord
ATR.L,Asian Total Return Investment Company
ATQT.L,ATTRAQT Group PLC
ATMA.L,Atlas Mara Limited
ATK.L,WS Atkins plc
ATI.L,Amati VCT Ord
ATC.L,Atlantic Coal plc
ATAD.L,PJSC Tatneft
AT2.L,Amati VCT 2 plc
ASY.L,Andrews Sykes Group plc
ASTO.L,AssetCo plc
AST.L,Ascent Resources plc
ASPL.L,Aseana Properties Limited
ASL.L,Aberforth Smaller Companies Ord
ASHM.L,Ashmore Group PLC
ASH.L,Ashley House PLC
ASCL.L,Ascential plc
ASCH.L,Aberdeen Smaller Companies Inc Ord
ASCD.L,Asia Cement Corporation
ASC.L,ASOS Plc
ASBE.L,Associated British Engineering plc
ASA.L,Asa Resource Group Plc
ARW.L,Arrow Global Group PLC
ARTA.L,Artilium plc
ARS.L,Asiamet Resources Limited
ARO.L,Arricano Real Estate Plc
ARM.L,ARM Holdings plc
ARL.L,Atlantis Resources Limited
ARGP.L,Alpha Returns Group Plc
ARGO.L,Argo Group Limited
ARG.L,Argos Resources Limited
ARDN.L,Arden Partners plc
ARC.L,Arcontech Group Plc
ARBB.L,Arbuthnot Banking Group PLC
AQP.L,Aquarius Platinum Limited
APT.L,Axa Property Trust
APR.L,APR.L
APH.L,Alliance Pharma plc
APGN.L,Applegreen Plc
APF.L,Anglo Pacific Group plc
APEF.L,Aberdeen Private Equity Fund Limited
APC.L,APC Technology Group plc
APAX.L,Apax Global Alpha Limited
AOR.L,AorTech International plc
AOMD.L,Public Joint Stock Company Mosenergo
AOFC.L,Africa Opportunity Fund Limited
AOF.L,Africa Opportunity Fund Limited
AO.L,AO World plc
ANW.L,Aberdeen New Thai Ord
ANTO.L,Antofagasta plc
ANR.L,Altona Energy Plc
ANP.L,Anpario plc
ANH.L,Mediclinic International plc
ANCR.L,Animalcare Group plc
ANA.L,ANA Holdings Inc.
AN.L,Alternative Networks Plc
AMS.L,Advanced Medical Solutions Group plc
AMR.L,OneView Group plc
AMPH.L,Aggregated Micro Power Holdings plc
AMP.L,Amphion Innovations Plc
AMO.L,Amino Technologies plc
AML.L,Amlin plc
AMFW.L,Amec Foster Wheeler plc
AMER.L,Amerisur Resources PLC
AMED.L,Amedeo Resources Plc
AMC.L,Amur Minerals Corporation
AMBR.L,Ambrian Plc
AMA.L,AMA.L
ALY.L,Laura Ashley Holdings plc
ALU.L,The Alumasc Group plc
ALT.L,Altitude Group plc
ALPH.L,Alpha Pyrenees Trust Limited
ALO.L,Alecto Minerals plc
ALM.L,Allied Minds plc
ALLG.L,All Leisure Group Plc
ALF.L,Alternative Liquidity Fund Limited
ALD.L,Aldermore Group PLC
ALBH.L,Aluminium Bahrain B.S.C.
ALBA.L,Alba Mineral Resources PLC
ALAI.L,Aberdeen Latin American Income Fund Limited
AKRN.L,Public Joint Stock Company Acron
AKR.L,"Akers Biosciences, Inc."
AJIT.L,Aberdeen Japan Investment Trust PLC
AJG.L,ATLANTIS JAPAN GROWTH FUND LD O
AIR.L,Air Partner plc
AIFZ.L,Acorn Income Fund Limited
AIF.L,Acorn Income Fund Limited
AIEA.L,AIREA plc
AIA.L,Altin AG
AHT.L,Ashtead Group plc
AHCG.L,Action Hotels plc
AGY.L,Allergy Therapeutics plc
AGTA.L,Agriterra Limited
AGRO.L,Ros Agro PLC
AGR.L,Assura Plc
AGQ.L,Arian Silver Corporation
AGP.L,Asian Growth Properties Limited
AGOU.L,Ashmore Global Opportunities Ltd
AGOL.L,Ashmore Global Opportunities Ltd
AGM.L,Applied Graphene Materials plc
AGL.L,ANGLE Plc
AGK.L,Aggreko plc
AGIT.L,Aberforth Geared Income Ord/Inc
AFS.L,Amiad Water Systems Ltd
AFRK.L,Afarak Group Oyj
AFRI.L,AfriAg plc
AFRB.L,AFI Development PLC
AFPO.L,African Potash Limited
AFN.L,ADVFN plc
AFMF.L,Aberdeen Frontier Markets Investment Company Limited
AFID.L,AFI Development PLC
AFHP.L,AFH Financial Group Plc
AFG.L,Aquatic Foods Group plc
AFC.L,AFC Energy PLC
AEY.L,Antrim Energy Inc.
AEX.L,Aminex plc
AEWU.L,AEW UK REIT plc
AERO.L,Strat Aero Plc
AEP.L,Anglo-Eastern Plantations Plc
AEO.L,Aeorema Communications Plc
AEN.L,Andes Energia PLC
AEG.L,Active Energy Group PLC
AEC.L,Malvern International plc
ADT.L,AdEPT Telecom plc
ADSS.L,ATLAS AFRICAN INDUSTRIES LIMITE
ADN.L,Aberdeen Asset Management PLC
ADM.L,Admiral Group plc
ADL.L,Andalas Energy and Power PLC
ADGO.L,Albert Technologies Ltd.
ADAM.L,Adamas Finance Asia Limited
ADA.L,Adams Plc
ACT.L,Actual Experience plc
ACSO.L,accesso Technology Group plc
ACP.L,Armadale Capital Plc
ACO.L,Acorn Growth plc
ACL.L,Acal plc
ACID.L,Acer Incorporated
ACHP.L,Asia Ceramics Holdings PLC
ACHL.L,Asian Citrus Holdings Limited
ACE.L,Auhua Clean Energy Plc
ACD.L,Acencia Debt Strategies Limited
ACC.L,Access Intelligence plc
ACA.L,Acacia Mining plc
ABZA.L,Abzena plc
ABTU.L,"AquaBounty Technologies, Inc."
ABT.L,Abbott Laboratories
ABF.L,Associated British Foods plc
ABDP.L,AB Dynamics Plc
ABD.L,Aberdeen New Dawn Ord
ABC.L,Abcam Plc
ABBY.L,Abbey plc
AAZ.L,Anglo Asian Mining PLC
AAVC.L,Albion Venture Capital Trust PLC
AAU.L,Ariana Resources plc
AATG.L,Albion Technology & Gen VCT Ord
AAS.L,Aberdeen Asian Smaller Companies Investment Trust PLC
AAM.L,Artemis VCT plc
AAL.L,Anglo American plc
AAIF.L,Aberdeen Asian Income Fund Limited
AAI.L,Atlas African Industries Limited
AAEV.L,Albion Enterprise VCT Ord
AADV.L,Albion Development VCT Ord
AAAP.L,Anglo African Agriculture PLC
AAA.L,All Asia Asset Capital Limited
AA4.L,Amedeo Air Four Plus Limited Fund
AA.L,AA plc
98KI.L,YAPI VE KREDI BANKASI A.S. GDR
90ID.L,The Royal Bank of Scotland Group plc
89VS.L,X5 Retail Group N.V.
88E.L,88 Energy Limited
87UC.L,The Royal Bank of Scotland Group plc
87FZ.L,AECI Ltd
80GM.L,Global Ports Investments PLC
78QZ.L,ALUMINIUM BAHRAIN B.S.C. GDR (E
66XD.L,Edita Food Industries Company (S.A.E)
62UL.L,Ros Agro PLC
59PQ.L,The Royal Bank of Scotland Group plc
58GZ.L,Standard Chartered PLC
55BC.L,THE COMMERCIAL BANK OF QATAR (Q
51FL.L,Societatea Energetica Electrica S.A.
50GP.L,Croda International plc
49GP.L,Croda International plc
44RS.L,Santander UK Group Holdings plc
44GL.L,The Brunner Investment Trust PLC
40SI.L,BCP Finance Company
40JP.L,CAIXA GERAL FINANCE LIMITED PER
3IN.L,3i Infrastructure plc
3DR.L,3DR.L
39IB.L,LG Electronics Inc.
37QB.L,JSC HALYK BANK GDR (EACH REPR 4
37OC.L,"Oil and Gas Development Co., Ltd."
37NY.L,TBC BANK JOINT STOCK COMPANY GD
36GK.L,JSC VTB Bank
365.L,365 Agile Group plc
33KE.L,JSC KAZKOMMERTSBANK GDR (EACH R
32QX.L,TELECOM EGYPT S.A.E. GDS(EACH R
22406.L,22406.L
17GK.L,Public Joint Stock Company MegaFon
0REH.L,Frontline Ltd.
0RE4.L,"Liberbank, S.A."
0RDX.L,Amundi Group
0RDM.L,ABN AMRO Group N.V.
0RD7.L,Scandic Hotels Group AB
0RD6.L,Skandiabanken ASA
0RCY.L,Attendo AB (publ)
0RCS.L,Alpha Bank A.E.
0RCP.L,Eurobank Ergasias S.A.
0RCO.L,Dometic Group AB (publ)
0RCG.L,Hapag-Lloyd Aktiengesellschaft
0RC9.L,Hornbach Holding AG & Co. KGaA
0RC6.L,"Pharma Mar, S.A."
0RBW.L,Bravida Holding AB (publ)
0RBM.L,CHORUS Clean Energy AG
0RBK.L,Schaeffler AG
0RBI.L,CLX Communications AB (publ)
0RB9.L,Stallergenes Greer Plc
0RB8.L,Scout24 AG
0RB7.L,Lagercrantz Group AB (publ)
0RB3.L,DFDS A/S
0RB2.L,TORM A/S
0RAR.L,STRATEC Biomedical AG
0RAN.L,Altice N.V.
0RAL.L,Altice N.V.
0RAI.L,Europris ASA
0RAE.L,Amoéba S.A.
0RA8.L,Elis SA
0RA1.L,ADO Properties S.A.
0R9X.L,Gränges AB (publ)
0R9K.L,Deutsche Pfandbriefbank AG
0R9I.L,Schibsted ASA
0R9C.L,"Cellnex Telecom, S.A."
0R97.L,Grenke AG
0R8W.L,Alimak Group AB (publ)
0R8V.L,Oriflame Holding AG
0R8U.L,Pandox AB (publ)
0R8T.L,Collector AB
0R8R.L,Nordax Group AB (publ)
0R8Q.L,Coor Service Management Holding AB (publ)
0R8P.L,Siltronic AG
0R8O.L,Nobina AB
0R8I.L,Massimo Zanetti Beverage Group S.p.A.
0R88.L,Sixt Leasing SE
0R87.L,ASSA ABLOY AB (publ)
0R86.L,INVISIO Communications AB (publ.)
0R84.L,Bilia AB
0R82.L,Atlas Copco AB
0R81.L,ATLAS COPCO AB ATLAS COPCO SERI
0R80.L,D. Carnegie & Co AB (publ)
0R7X.L,Betsson AB
0R7S.L,Svenska Handelsbanken AB (publ)
0R7R.L,Svenska Handelsbanken AB (publ)
0R7Q.L,Hemfosa Fastigheter AB (publ)
0R7P.L,Banca Monte dei Paschi di Siena S.p.A.
0R7O.L,Hexpol AB (Publ)
0R7E.L,windeln.de SE
0R78.L,Tryg A/S
0R77.L,NetEnt AB (publ)
0R72.L,Biocartis Group NV
0R6Z.L,Royal Unibrew A/S
0R6W.L,Tobii AB (publ)
0R6U.L,4SC AG
0R6R.L,Axfood AB
0R6E.L,Lucas Bols N.V.
0R6B.L,Asiakastieto Group Oyj
0R5Z.L,NNIT A/S
0R5W.L,Dustin Group AB (publ)
0R5G.L,Sunrise Communications Group AG
0R55.L,Bone Therapeutics SA
0R53.L,Eltel AB (publ)
0R51.L,"Saeta Yield, S.A."
0R50.L,Tele Columbus AG
0R4Y.L,"Aena, S.A."
0R4V.L,RenoNorden ASA
0R4P.L,Lifco AB
0R4L.L,Ambu A/S
0R4H.L,Aurora LPG Holding ASA
0R4G.L,Klövern AB (publ)
0R42.L,Bank of Cyprus Holdings Public Limited Company
0R3Y.L,Entra ASA
0R3W.L,Thule Group AB
0R3T.L,UBS Group AG
0R3R.L,Aedes SIIQ S.p.A.
0R3P.L,XXL ASA
0R3N.L,TLG Immobilien AG
0R3M.L,Probiodrug AG
0R3I.L,Scatec Solar ASA
0R2V.L,Apple Inc.
0QXP.L,Aker Solutions
0QXN.L,Zalando SE
0QXM.L,Inwido AB
0QX7.L,Energa SA
0QWV.L,Cxense ASA
0QWK.L,NEXT Biometrics Group ASA
0QWI.L,"Industria de Diseño Textil, S.A."
0QWD.L,African Petroleum Corporation Limited
0QWC.L,ams AG
0QWA.L,"Compañía de Distribución Integral Logista Holdings, S.A."
0QW9.L,FACC AG
0QVY.L,"Axiare Patrimonio Socimi, S.A."
0QVR.L,Scandi Standard AB (publ)
0QVP.L,Elior Group
0QVL.L,Africa Oil Corp
0QVD.L,Braas Monier Building Group S.A.
0QV5.L,Cerved Information Solutions S.p.A.
0QV0.L,Com Hem Holding AB (publ)
0QUW.L,MyHammer Holding AG
0QUU.L,ÅF AB (publ)
0QUT.L,Episurf Medical AB
0QUI.L,Lucara Diamond Corp.
0QUC.L,SLM Solutions Group AG
0QUB.L,Itab Shop Concept AB
0QTZ.L,"Applus Services, S.A."
0QTX.L,Avance Gas Holding Limited
0QTP.L,BUWOG AG
0QTI.L,Anima Holding S.p.A
0QSW.L,Infosys Limited
0QSH.L,Fnac Darty SA
0QSD.L,Recipharm AB (publ)
0QS9.L,"eDreams ODIGEO, S.A."
0QS1.L,Caixa Económica Montepio Geral
0QRT.L,"Hispania Activos Inmobiliarios SOCIMI, S.A."
0QRS.L,ISS A/S
0QRA.L,Bufab AB (publ)
0QR4.L,Nestlé S.A.
0QQY.L,Mobimo Holding AG
0QQR.L,Gurit Holding AG
0QQD.L,"Zimmer Biomet Holdings, Inc."
0QQ8.L,Gold Fields Limited
0QQ7.L,Meyer Burger Technology AG
0QQ6.L,Roche Holding AG
0QQ2.L,Geberit AG
0QPY.L,Sonova Holding AG
0QPP.L,gategroup Holding AG
0QPJ.L,Cembra Money Bank AG
0QP5.L,Credit Suisse Group AG
0QP4.L,Georg Fischer AG
0QP2.L,Zurich Insurance Group AG
0QP1.L,Chocoladefabriken Lindt & Sprüngli AG
0QOS.L,"Pepsico, Inc."
0QOR.L,Pargesa Holding SA
0QOQ.L,Partners Group Holding AG
0QOP.L,Syngenta AG
0QON.L,Ascom Holding AG
0QOL.L,Kardex AG
0QOK.L,Roche Holding AG
0QOG.L,Swiss Prime Site AG
0QOA.L,Temenos Group AG
0QO8.L,PSP Swiss Property AG
0QO7.L,Barry Callebaut AG
0QO6.L,Julius Baer Group Ltd.
0QO3.L,OC Oerlikon Corporation AG
0QO1.L,Schindler Holding AG
0QNM.L,Adecco Group AG
0QNG.L,Jungfraubahn Holding AG
0QNE.L,Leonteq AG
0QNA.L,Basilea Pharmaceutica AG
0QN3.L,GAM Holding AG
0QN1.L,Santhera Pharmaceuticals Holding AG
0QMW.L,Kuehne + Nagel International AG
0QMV.L,Straumann Holding AG
0QMT.L,Myriad Group AG
0QMO.L,Micronas Semiconductor Holding AG
0QMN.L,Actelion Ltd
0QMG.L,Swiss Life Holding AG
0QMD.L,Accu Holding AG
0QMA.L,Sika AG
0QM5.L,Emmi AG
0QM4.L,The Swatch Group AG
0QLR.L,Novartis AG
0QL3.L,Baker Hughes Incorporated
0QKM.L,Vifor Pharma AG
0QKI.L,Swisscom AG
0QKD.L,Forbo Holding AG
0QKA.L,Rieter Holding AG
0QK5.L,INFICON Holding AG
0QK3.L,Dufry AG
0QJX.L,EFG International AG
0QJV.L,The Swatch Group AG
0QJS.L,Clariant AG
0QJQ.L,ZEAL Network SE
0QJC.L,SolarWorld Aktiengesellschaft
0QJA.L,Arcam AB (publ)
0QJ4.L,Napatech A/S
0QIX.L,BW LPG Limited
0QIU.L,Novo Nordisk A/S
0QIQ.L,F.I.L.A. - Fabbrica Italiana Lapis ed Affini S.p.A.
0QIM.L,"CTT - Correios De Portugal, S.A."
0QIG.L,Axactor AB (publ)
0QIA.L,Platzer Fastigheter Holding AB (publ)
0QI7.L,Addtech AB (publ.)
0QI2.L,VIOHALCO S.A.
0QI0.L,PKP Cargo S.A.
0QHX.L,Odfjell Drilling Ltd.
0QGU.L,CNH Industrial N.V.
0QGK.L,WCM Beteiligungs- und Grundbesitz-AG
0QGJ.L,MediGene AG
0QGG.L,DIC Asset AG
0QG5.L,Ocean Yield AS
0QFU.L,KION GROUP AG
0QFT.L,Vonovia SE
0QFR.L,OSRAM Licht AG
0QFP.L,Richter Gedeon Vegyészeti Gyár Nyilvánosan Muködo Rt.
0QFK.L,Celyad SA
0QFH.L,Opus Group AB (publ)
0QFA.L,MATAS A/S
0QF5.L,bpost SA/NV
0QEO.L,RORENTO NV RORENTO DH EUR
0QEN.L,RNB Retail and Brands AB (publ)
0QEK.L,SimCorp A/S
0QE6.L,Tele2 AB (publ)
0QDX.L,AB Sagax
0QDS.L,Evonik Industries AG
0QD0.L,"Abengoa, S.A."
0QCV.L,AbbVie Inc.
0QCQ.L,Topdanmark A/S
0QC9.L,LEG Immobilien AG
0QBO.L,Coloplast A/S
0QBM.L,Alior Bank S.A.
0QB8.L,ASML Holding N.V.
0QB7.L,Borregaard ASA
0QAL.L,Telefónica Deutschland Holding AG
0QAJ.L,DBV Technologies S.A.
0QAI.L,Adocia SA
0QA8.L,Talanx Aktiengesellschaft
0QA0.L,Getin Noble Bank S.A.
0Q9M.L,Econocom Group SA/NV
0Q9C.L,R. Stahl AG
0Q99.L,ageas SA/NV
0Q92.L,Selvaag Bolig ASA
0Q8Q.L,Lotto24 AG
0Q8M.L,UnipolSai Assicurazioni S.p.A.
0Q8G.L,Seamless Distribution AB (publ)
0Q8F.L,Hugo Boss AG
0Q7S.L,BRUNELLO CUCINELLI S.p.A.
0Q78.L,Fastighets AB Balder (publ)
0Q77.L,AB Science S.A.
0Q4U.L,Novozymes A/S
0Q4C.L,Gesco AG
0Q45.L,Jastrzebska Spólka Weglowa Spólka Akcyjna
0Q3Y.L,KRUK Spólka Akcyjna
0Q3C.L,SÜSS MicroTec SE
0Q2T.L,Höegh LNG Holdings Ltd.
0Q2S.L,Kværner ASA
0Q2N.L,K+S Aktiengesellschaft
0Q2K.L,Awilco Drilling Plc
0Q2F.L,"Distribuidora Internacional de Alimentación, S.A."
0Q1G.L,Eli Lilly and Company
0Q0Y.L,AEGON N.V.
0P6Z.L,ANF Immobilier
0P6S.L,Bayer Aktiengesellschaft
0P6O.L,Volkswagen Aktiengesellschaft
0P6N.L,Volkswagen Aktiengesellschaft
0P6M.L,Siemens Aktiengesellschaft
0P5L.L,Axway Software SA
0P5F.L,SHW AG
0P4X.L,Concentric AB (publ)
0P4C.L,Accell Group N.V.
0P49.L,Bulten AB (publ)
0P3N.L,Norway Royal Salmon AS
0P3F.L,GSW Immobilien AG
0P2W.L,"Amadeus IT Group, S.A."
0P2J.L,Ascencio SCA
0P2A.L,Gielda Papierów Wartosciowych w Warszawie S.A.
0P0T.L,Wilh. Wilhelmsen Holding ASA
0P0C.L,RIB Software SE
0OR4.L,XING AG
0OQX.L,Grammer Aktiengesellschaft
0OQJ.L,NV Bekaert SA
0OPJ.L,ABC Arbitrage SA
0OPB.L,Celesio AG
0OPA.L,Villeroy & Boch AG
0OP0.L,DMG Mori Aktiengesellschaft
0ON7.L,D'Ieteren SA
0OMV.L,STENTYS Société anonyme
0OMB.L,Società Cattolica di Assicurazione - Società Cooperativa
0OM4.L,STADA Arzneimittel Aktiengesellschaft
0OLN.L,Dialog Semiconductor Plc
0OLJ.L,Brembo S.p.A.
0OLG.L,BAUER Aktiengesellschaft
0OLF.L,Aperam
0OLD.L,Adidas AG
0OKS.L,Fondul Proprietatea SA
0OKR.L,Hellenic Exchanges - Athens Stock Exchange SA
0OK7.L,Akka Technologies
0OJX.L,Terna Energy Societe Anonyme Commercial Technical Company S.A.
0OJC.L,Gjensidige Forsikring ASA
0OJA.L,FLSmidth & Co. A/S
0OIU.L,Arctic Paper S.A.
0OIR.L,ALK-Abelló A/S
0OIQ.L,"Acerinox, S.A."
0OII.L,Zaklady Azotowe Pulawy Spolka Akcyjna
0OI0.L,Archos S.A.
0OHY.L,Aegean Airlines S.A.
0OHL.L,O2 Czech Republic a.s.
0OGQ.L,AmRest Holdings SE
0OG4.L,Affine R.E.
0OFU.L,"Sacyr, S.A."
0OFR.L,Polskie Górnictwo Naftowe i Gazownictwo S.A.
0OFP.L,NCC AB
0OFO.L,NCC AB
0OF7.L,"EDP - Energias de Portugal, S.A."
0OF3.L,Beni Stabili SIIQ S.p.A.
0OCD.L,Medistim ASA
0OC2.L,Heidelberger Druckmaschinen Aktiengesellschaft
0OBQ.L,Deutsche Wohnen SE
0OBK.L,bioMérieux S.A.
0OAW.L,Marine Harvest ASA
0OAE.L,Proffice AB (Publ)
0OA9.L,Nolato AB (publ)
0OA7.L,Assystem SA
0O9Q.L,alstria office REIT-AG
0O9C.L,Compagnie du Bois Sauvage SA
0O9B.L,"Almirall, S.A."
0O93.L,Haldex AB (publ)
0O8X.L,Wirecard AG
0O8G.L,MDxHealth SA
0O8D.L,KGHM Polska Miedz Spólka Akcyjna
0O87.L,Telefonaktiebolaget LM Ericsson (publ)
0O84.L,DNB ASA
0O7J.L,"Corticeira Amorim, S.G.P.S., S.A."
0O7D.L,Yara International ASA
0O7A.L,Metsä Board Oyj
0O77.L,A.P. Møller - Mærsk A/S
0O76.L,A.P. Møller - Mærsk A/S
0O6Z.L,Qliro Group AB (publ)
0O6E.L,Naturex S.A.
0O6D.L,"Miquel y Costas & Miquel, S.A."
0O5V.L,Banco di Desio e della Brianza S.p.A.
0O5H.L,Elekta AB (publ)
0O5C.L,AT & S Austria Technologie & Systemtechnik Aktiengesellschaft
0O3W.L,Gyldendal A/S
0O33.L,Oeneo SA
0O2V.L,CGG
0O2T.L,Compagnie d'Entreprises CFE SA
0O2G.L,H&R GmbH & Co. KGaA
0O27.L,Dr. Hönle AG
0O1Z.L,Anheuser-Busch InBev SA/NV
0O1W.L,SAS AB (publ)
0O1S.L,Alten SA
0O1R.L,Fraport AG
0O1C.L,ThyssenKrupp AG
0O14.L,Merck Kommanditgesellschaft auf Aktien
0O0V.L,Bayerische Motoren Werke Aktiengesellschaft
0O0U.L,Bayerische Motoren Werke Aktiengesellschaft
0O0N.L,Aktieselskabet Schouw & Co.
0O0J.L,LEONI AG
0O0E.L,BigBen Interactive
0O05.L,Schoeller-Bleckmann Oilfield Equipment Aktiengesellschaft
0NZY.L,Eckert & Ziegler Strahlen- und Medizintechnik AG
0NZV.L,Allgeier SE
0NZU.L,Zealand Pharma A/S
0NZT.L,UCB SA
0NZR.L,Solvay SA
0NZF.L,"CEZ, a. s."
0NZ7.L,Mayr-Melnhof Karton AG
0NYZ.L,Bertrandt Aktiengesellschaft
0NYK.L,Immobiliare Grande Distribuzione Società di Investimento Immobiliare Quotata S.p.A.
0NYH.L,"Ebro Foods, S.A."
0NXX.L,Daimler AG
0NXR.L,Raiffeisen Bank International AG
0NX3.L,ASM International NV
0NX2.L,ABB Ltd
0NX1.L,Aalberts Industries N.V.
0NX0.L,Trigano S.A.
0NWX.L,SKF AB
0NWW.L,SKF AB
0NWV.L,Schneider Electric S.E.
0NWR.L,Banca Popolare di Milano Scarl
0NWJ.L,Banca Popolare di Sondrio S.C.p.A.
0NWF.L,"Air Liquide, société anonyme"
0NWD.L,"Abertis Infraestructuras, S.A."
0NW8.L,Sixt SE
0NVR.L,Buzzi Unicem SpA
0NVQ.L,Buzzi Unicem SpA
0NVD.L,Electrawinds SE
0NVC.L,Danske Bank A/S
0NV9.L,BW Offshore Limited
0NV5.L,UPM-Kymmene Oyj
0NV2.L,Axel Springer SE
0NUK.L,Avanza Bank Holding AB (publ)
0NUI.L,"Abengoa, S.A."
0NTU.L,Elia System Operator SA
0NTM.L,Österreichische Post AG
0NTI.L,Gerresheimer AG
0NSI.L,Umicore S.A.
0NSF.L,ArcelorMittal
0NS1.L,Grupa Azoty Spólka Akcyjna
0NRG.L,Bilfinger SE
0NRE.L,Enel SpA
0NR7.L,"Zardoya Otis, S.A."
0NR6.L,Zodiac Aerospace
0NR4.L,Wacker Chemie AG
0NR1.L,VERBUND AG
0NQZ.L,Titan Cement Company S.A.
0NQM.L,VINCI SA
0NQH.L,Rhön-Klinikum Aktiengesellschaft
0NQG.L,"Repsol, S.A."
0NQC.L,Pandora A/S
0NPT.L,Eiffage SA
0NPP.L,Koninklijke DSM N.V.
0NPL.L,Christian Dior SE
0NPJ.L,Columbus A/S
0NP9.L,Aixtron SE
0NP8.L,Aéroports de Paris SA
0NOL.L,ADVA Optical Networking SE
0NO3.L,Zetes Industries SA
0NO0.L,Storebrand ASA
0NNU.L,N.V. Nederlandsche Apparatenfabriek Nedap
0NNR.L,Lundin Petroleum AB (publ)
0NNF.L,Alfa Laval AB (publ)
0NNC.L,Zignago Vetro S.p.A.
0NMU.L,Wolters Kluwer N.V.
0NMK.L,Vestas Wind Systems A/S
0NMI.L,VTG Aktiengesellschaft
0NM8.L,Vittoria Assicurazioni S.p.A.
0NL3.L,Trelleborg AB
0NKL.L,Telekom Austria Aktiengesellschaft
0NKH.L,Syzygy AG
0NK9.L,Ansaldo STS S.p.A.
0NK7.L,Sartorius Stedim Biotech S.A.
0NJS.L,Software Aktiengesellschaft
0NJO.L,Singulus Technologies AG
0NJK.L,Schaltbau Holding AG
0NJB.L,SNP Schneider-Neureither & Partner AG
0NIR.L,Sartorius Aktiengesellschaft
0NIQ.L,Sartorius Aktiengesellschaft
0NIF.L,SMA Solar Technology AG
0NI1.L,Rheinmetall AG
0NHV.L,Recticel NV/SA
0NFG.L,Paragon AG
0NF8.L,Credito Valtellinese Società Cooperativa
0NF3.L,Paion AG
0NEZ.L,Santa Fe Group A/S
0NEX.L,ORPEA Société Anonyme
0NES.L,Oriola Oyj
0NEM.L,Nyrstar NV
0NDX.L,MQ Holding AB
0NDV.L,Morphosys AG
0NDP.L,MLP AG
0NDA.L,Manitou BF SA
0ND5.L,H. Lundbeck A/S
0NCV.L,Lenzing Aktiengesellschaft
0NCQ.L,Investment AB Latour (publ)
0NC6.L,Investor AB
0NC5.L,Investor AB
0NBT.L,Capital Stage AG
0NBO.L,Holmen Aktiebolag (publ)
0NBI.L,Hamburger Hafen und Logistik Aktiengesellschaft
0NB9.L,ICA Gruppen AB
0N9Z.L,EVS Broadcast Equipment S.A.
0N9V.L,Esso S.A.F.
0N9S.L,Eni S.p.A.
0N9I.L,EL.EN. SocietÃ per Azioni
0N8R.L,Digital Bros S.p.A.
0N8F.L,CEWE Stiftung & Co. KGaA
0N7X.L,Cloetta AB (publ)
0N7Q.L,Cegid Group SA
0N7O.L,comdirect bank Aktiengesellschaft
0N7N.L,Compagnie des Alpes SA
0N7D.L,Bure Equity AB
0N75.L,Bonduelle SA
0N73.L,"Bolsas y Mercados Españoles, Sociedad Holding de Mercados y Sistemas Financieros, S.A."
0N70.L,Biotest Aktiengesellschaft
0N6Z.L,Biotest Aktiengesellschaft
0N6Y.L,BinckBank N.V.
0N6M.L,Clere AG
0N6K.L,Claranova S.A.
0N6B.L,ARCADIS NV
0N61.L,Amplifon SpA
0N5Z.L,Altamir SCA
0N5H.L,ADLER Real Estate Aktiengesellschaft
0N5E.L,Acando AB (publ.)
0N5A.L,AAP Implantate AG
0N4I.L,Danieli & C. Officine Meccaniche S.p.A.
0N31.L,Nordea Bank AB (publ)
0N2Z.L,Vossloh AG
0N2X.L,TAURON Polska Energia S.A.
0N2Q.L,Bijou Brigitte modische Accessoires Aktiengesellschaft
0N2C.L,Comm.VA Wereldhave Belgium SCA
0N0B.L,Wallenius Wilhelmsen Logistics ASA
0N08.L,Panoro Energy ASA
0MZX.L,Vienna Insurance Group AG
0MYZ.L,Ströer SE & Co. KGaA
0MYY.L,Powszechny Zaklad Ubezpieczen Spólka Akcyjna
0MWK.L,Lindab International AB
0MWH.L,Beijer Ref AB (publ)
0MW2.L,Stockmann Oyj ABP
0MV4.L,Philip Morris CR a.s.
0MV2.L,freenet AG
0MUM.L,Edenred SA
0MUF.L,CENIT Aktiengesellschaft
0MU8.L,"Jubii Europe, N.V."
0MU2.L,Warehouses De Pauw Comm. VA
0MTP.L,Idex ASA
0MTD.L,Swedish Orphan Biovitrum AB
0MT8.L,Dragerwerk AG & Co. KGaA
0MSJ.L,TGS-NOPEC Geophysical Company ASA
0MSG.L,Solon Eiendom ASA
0MSD.L,CompuGroup Medical Societas Europaea
0MRM.L,Bang & Olufsen a/s
0MR6.L,Chr. Hansen Holding A/S
0MR5.L,CellaVision AB (publ)
0MR4.L,Byggmax Group AB (publ)
0MQG.L,Mycronic AB (publ)
0MPT.L,Brenntag AG
0MPM.L,Ceconomy AG
0MPJ.L,GEA Group Aktiengesellschaft
0MPH.L,Deutsche Telekom AG
0MOP.L,TDC A/S
0MNQ.L,Cyfrowy Polsat S.A.
0MNP.L,Boryszew S.A.
0MMZ.L,Lubelski Wegiel Bogdanka S.A.
0MMJ.L,Tom Tailor Holding AG
0MMD.L,Joyou AG
0ML1.L,"EDP Renováveis, S.A."
0MKZ.L,Wienerberger AG
0MKX.L,Voestalpine AG
0MKW.L,"Viscofan, S.A."
0MKP.L,Strabag SE
0MKH.L,OMV Aktiengesellschaft
0MKE.L,Immofinanz AG
0MK2.L,Atrium European Real Estate Limited
0MJZ.L,Andritz AG
0MJX.L,Aker ASA
0MJT.L,"Atresmedia Corporación de Medios de Comunicación, S.A."
0MJR.L,NEUCA SA
0MJK.L,Erste Group Bank AG
0MJH.L,Zumtobel Group AG
0MJ9.L,S IMMO AG
0MJ5.L,RHI AG
0MJ1.L,Palfinger AG
0MIQ.L,Conwert Immobilien Invest SE
0MIP.L,CA Immobilien Anlagen Aktiengesellschaft
0MI6.L,Fabege AB (publ)
0MI5.L,Boliden AB (publ.)
0MI3.L,JM AB (publ)
0MI1.L,Eniro AB
0MHZ.L,SSAB AB
0MHW.L,AB Volvo (publ)
0MHU.L,Aktiebolaget Industrivärden
0MHT.L,Peab AB
0MHS.L,Norwegian Property ASA
0MHR.L,Petroleum Geo-Services ASA
0MHP.L,DNO ASA
0MHM.L,Schibsted ASA
0MHJ.L,Azimut Holding S.p.A.
0MHD.L,ACEA S.p.A.
0MHC.L,ERG S.p.A.
0MH1.L,Bureau Veritas SA
0MGV.L,ERAMET S.A.
0MGP.L,Société BIC SA
0MGN.L,Albioma
0MGH.L,Cargotec Corporation
0MGE.L,Sydbank A/S
0MGD.L,Jyske Bank A/S
0MGC.L,NKT A/S
0MGB.L,Genmab A/S
0MG5.L,ElringKlinger AG
0MG2.L,HeidelbergCement AG
0MG1.L,Fielmann AG
0MG0.L,Aareal Bank AG
0MFY.L,ARYZTA AG
0MFW.L,KBC Ancora SCA
0MFU.L,Agfa-Gevaert N.V.
0MFT.L,Befimmo NV/SA
0MEL.L,Deceuninck NV
0MDT.L,AB Electrolux (publ)
0MD9.L,North Energy AS
0MCK.L,Svenska Cellulosa Aktiebolaget SCA (publ)
0MCJ.L,Svenska Cellulosa Aktiebolaget SCA (publ)
0MCG.L,Hamborner REIT AG
0M98.L,Gerry Weber International AG
0M8Y.L,Formpipe Software AB
0M8O.L,Atmel Corporation
0M6S.L,Allianz SE
0M5J.L,Aker BP ASA
0M4M.L,IC Group A/S
0M3P.L,YOOX Net-A-Porter Group S.p.A.
0M2Z.L,Statoil ASA
0M2V.L,zooplus AG
0M2T.L,KPS AG
0M14.L,Polarcus Limited
0M0A.L,Rockwool International A/S
0LZF.L,Vistula Group Spólka Akcyjna
0LWM.L,Midas Spolka Akcyjna
0LVL.L,LPP Spolka Akcyjna
0LUU.L,Integer.pl Spolka Akcyjna
0LS7.L,Ciech S.A.
0LS5.L,CCC S.A.
0LRV.L,Budimex SA
0LRI.L,Jumbo S.A.
0LQG.L,Asseco Poland S.A.
0LQ4.L,Krones AG
0LQ1.L,Continental Aktiengesellschaft
0LO9.L,AMG Advanced Metallurgical Group N.V.
0LO8.L,Royal Boskalis Westminster N.V.
0LNQ.L,Koninklijke BAM Groep nv
0LND.L,Akzo Nobel N.V.
0LN9.L,Royal Dutch Shell plc
0LN7.L,Air France-KLM SA
0LD1.L,I.M.A. Industria Macchine Automatiche S.p.A.
0LBS.L,Alcatel-Lucent
0LBN.L,Unione di Banche Italiane S.p.A.
0LBM.L,TERNA - Rete Elettrica Nazionale Società per Azioni
0L9Q.L,Fiskars Oyj Abp
0L9J.L,S&T AG
0KVV.L,Airbus SE
0KV7.L,Tomra Systems ASA
0KUY.L,PNE Wind AG
0KK7.L,"Be Think, Solve, Execute S.p.A."
0KJ1.L,Songa Offshore SE
0KIZ.L,New Wave Group AB (publ)
0KII.L,SSAB AB
0KG0.L,Tieto Oyj
0KFX.L,Danone
0KFE.L,Münchener Rückversicherungs-Gesellschaft Aktiengesellschaft
0KEH.L,Brookfield Asset Management Inc.
0KED.L,Infineon Technologies AG
0KDK.L,Barco NV
0KDD.L,"Vocento, S.A."
0KCP.L,Tessenderlo Group NV
0KBQ.L,Ratos AB
0KB6.L,Norske Skogindustrier ASA
0KAV.L,Arnoldo Mondadori Editore S.p.A.
0K9W.L,Huhtamäki Oyj
0K9V.L,HAL Trust
0K9T.L,ELLAKTOR SA
0K9P.L,GN Store Nord A/S
0K9N.L,Rallye SA
0K9A.L,Euronav NV
0K97.L,"Elecnor, S.A."
0K96.L,"ENCE Energía y Celulosa, S.A."
0K93.L,Credito Emiliano S.p.A.
0K8L.L,Central European Media Enterprises Ltd.
0K82.L,ASTM S.p.A.
0K7Y.L,Amer Sports Corporation
0K7K.L,AP Alternative Assets LP
0K7F.L,Aurubis AG
0K78.L,Assicurazioni Generali S.p.A.
0K77.L,Constantin Medien AG
0K6S.L,RealDolmen NV
0K5E.L,Dragerwerk AG & Co. KGaA
0K02.L,Globe Trade Centre S.A.
0JYZ.L,Loomis AB (publ)
0JYO.L,BB Biotech AG
0JXZ.L,Galapagos NV
0JXF.L,Protector Forsikring ASA
0JWO.L,Atea ASA
0JVS.L,Hypoport AG
0JOE.L,KUKA Aktiengesellschaft
0JNL.L,Nordea Bank AB (publ)
0JN9.L,DSV A/S
0JLQ.L,Sanoma Oyj
0JK4.L,TAG Immobilien AG
0JII.L,Spectrum ASA
0JI9.L,Thin Film Electronics ASA
0JHU.L,Porsche Automobil Holding SE
0JH4.L,Spar Nord Bank A/S
0JG5.L,Bittium Oyj
0JEZ.L,StrongPoint ASA
0JDU.L,Precise Biometrics AB
0JAA.L,Kinnevik AB
0J9O.L,Manz AG
0J9C.L,Dürr Aktiengesellschaft
0J8S.L,Aspo Oyj
0J5Y.L,Prosafe SE
0J2W.L,Biotie Therapies Corp.
0J2R.L,Alstom SA
0J0M.L,Best Union Company SpA
0J04.L,PORR AG
0IZM.L,ABG Sundal Collier Holding ASA
0IZC.L,Henkel AG & Co. KGaA
0IZ8.L,Henkel AG & Co. KGaA
0IYN.L,Mologen AG
0IY1.L,Atria Oyj
0IXZ.L,Bollore
0IWV.L,Van De Velde NV
0IWK.L,Altran Technologies S.A.
0IUQ.L,CNP Assurances SA
0IRF.L,Evotec AG
0IPY.L,Aubay Société Anonyme
0IPT.L,Akastor ASA
0IN2.L,Groupe Bruxelles Lambert SA
0IMT.L,PhotoCure ASA
0IM3.L,Philly Shipyard ASA
0IKJ.L,Wärtsilä Oyj Abp
0IKH.L,"Komercní banka, a.s."
0IIF.L,Vivendi SA
0IHM.L,Atrium Ljungberg AB (publ)
0IGF.L,Nexans S.A.
0IB0.L,Arkema S.A.
0IAX.L,Dassault Aviation S.A.
0IAH.L,Securitas AB
0I8Y.L,Elisa Oyj
0I8C.L,Aqua Bio Technology ASA
0I5O.L,Bergman & Beving AB
0I3Z.L,Deutsche Euroshop AG
0I2R.L,Atlantia S.p.A.
0I1W.L,Royal Caribbean Cruises Ltd.
0HZD.L,Wendel
0HYK.L,SeaDrill Limited
0HY6.L,Euro Disney S.C.A.
0HY2.L,Cementir Holding S.p.A.
0HW6.L,Doro AB (publ)
0HW0.L,Kongsberg Automotive ASA
0HVA.L,Haulotte Group SA
0HV2.L,Hermès International Société en commandite par actions
0HTP.L,AB Volvo (publ)
0HR3.L,Duni AB (publ)
0HNZ.L,Fagron NV
0HNK.L,Ablynx NV
0HJC.L,Vilmorin & Cie SA
0HI7.L,MeVis Medical Solutions AG
0HEZ.L,Eastnine AB (publ)
0HDP.L,Dampskibsselskabet Norden A/S
0HDL.L,HMS Networks AB (publ)
0HDK.L,Systemair AB (publ)
0HDJ.L,Mekonomen AB
0HC0.L,Sandvik AB
0HBY.L,Skandinaviska Enskilda Banken AB (publ)
0HBT.L,Skanska AB (publ)
0HBP.L,H & M Hennes & Mauritz AB (publ)
0HBO.L,GEDI Gruppo Editoriale S.p.A.
0HBF.L,Mediobanca Banca di Credito Finanziario S.p.A.
0HBA.L,Electricité de France S.A.
0HB5.L,BNP Paribas SA
0HB4.L,Dassault Systèmes SE
0HB1.L,"Casino, Guichard-Perrachon Société Anonyme"
0HAR.L,AXA SA
0HAN.L,Bouygues SA
0HAI.L,Credit Agricole S.A.
0HAC.L,"ACS, Actividades de Construcción y Servicios, S.A."
0HAA.L,"Fomento de Construcciones y Contratas, S.A."
0HA8.L,"Corporación Financiera Alba, S.A."
0HA0.L,RWE Aktiengesellschaft
0H9X.L,Fresenius Medical Care AG & Co. KGAA
0H9P.L,Intrum Justitia AB
0H7I.L,LANXESS Aktiengesellschaft
0H7D.L,Deutsche Bank Aktiengesellschaft
0H7B.L,Diebold Nixdorf Aktiengesellschaft
0H6X.L,Telia Company AB
0H6T.L,Swedbank AB (publ)
0H65.L,Juventus Football Club S.p.A.
0H59.L,Accor SA
0H4K.L,"Acciona, S.A."
0H4A.L,Deutsche Lufthansa Aktiengesellschaft
0H3X.L,Linde Aktiengesellschaft
0H3T.L,Deutsche Börse Aktiengesellschaft
0H3Q.L,Deutsche Post AG
0H38.L,Pricer AB (publ)
0H34.L,SkiStar AB (publ)
0H30.L,Indutrade AB (publ)
0H2Z.L,Fastighets AB Balder (publ)
0H2O.L,Melker Schörling AB
0H1Z.L,QIAGEN N.V.
0H19.L,Orexo AB (publ)
0H14.L,Net Insight AB (publ)
0H13.L,Aktiebolaget Industrivärden
0H0U.L,Sensys Gatso Group AB (publ)
0H0L.L,Rottneros AB (publ)
0H0G.L,Sweco AB (publ)
0H0F.L,Investment AB Öresund
0H00.L,"Banco de Sabadell, S.A."
0GZX.L,DiaSorin S.p.A.
0GZV.L,Getinge AB
0GZK.L,Ion Beam Applications SA
0GYX.L,Anoto Group AB (publ)
0GYM.L,Ackermans & Van Haaren NV
0GY8.L,Aeffe S.p.A.
0GXJ.L,Modern Times Group Mtg AB
0GXG.L,Nederman Holding AB (publ)
0GX4.L,Beijer Alma AB (publ)
0GWV.L,"Industrial and Financial Systems, IFS AB (publ)"
0GWS.L,BillerudKorsnäs AB (publ)
0GWL.L,Saab AB (publ)
0GWG.L,Wihlborgs Fastigheter AB (publ)
0GWC.L,Axis AB (publ)
0GWB.L,L E Lundbergföretagen AB (publ)
0GW8.L,Grieg Seafood ASA
0GW3.L,Hufvudstaden AB (publ)
0GW0.L,Nobia AB (publ)
0GVE.L,Highlight Communications AG
0GUX.L,Skandinaviska Enskilda Banken AB (publ)
0GUV.L,AAK AB (publ.)
0GTW.L,Nordnet AB (publ)
0GTU.L,Tradedoubler AB
0GTR.L,Husqvarna AB (publ)
0GTO.L,Kapsch TrafficCom AG
0GTN.L,BioGaia AB
0GTM.L,Diös Fastigheter AB (publ)
0GT3.L,ProAct IT Group AB
0GT1.L,Castellum AB (publ)
0GSU.L,Meda AB
0GRZ.L,RaySearch Laboratories AB (publ)
0GRX.L,Hexagon AB
0GRP.L,Biotage AB
0GRK.L,Millicom International Cellular S.A.
0GRG.L,Kungsleden Aktiebolag
0GQE.L,Clas Ohlson AB (publ)
0GP7.L,Medivir AB (publ)
0GOX.L,Polytec Holding AG
0GO5.L,KappAhl AB (publ)
0GO4.L,Swedish Match AB (publ)
0GNX.L,Gunnebo AB
0GNN.L,Petro Welt Technologies AG
0GNM.L,Rezidor Hotel Group AB (publ)
0GN0.L,Vitrolife AB (publ)
0GM2.L,Lerøy Seafood Group Asa
0GKA.L,YIT Oyj
0GJN.L,Wüstenrot & Württembergische AG
0GJK.L,Washtec AG
0GF6.L,Veidekke ASA
0GE4.L,United Internet AG
0GDR.L,UNIQA Insurance Group AG
0GC9.L,Talentum Oyj
0GC8.L,TAKKT AG
0GB7.L,Orange Polska S.A.
0G99.L,ThromboGenics NV
0G8L.L,Ter Beke NV
0G8C.L,Telenor ASA
0G7B.L,Südzucker AG
0G77.L,Salzgitter Aktiengesellschaft
0G6T.L,Symrise AG
0G6J.L,Schloss Wachenheim AG
0G67.L,Sparebanken Vest
0G33.L,Solar A/S
0G2X.L,Sofina Société Anonyme
0G29.L,Semperit Aktiengesellschaft Holding
0G15.L,Koenig & Bauer AG
0FYM.L,Dom Security
0FWY.L,SalMar ASA
0FSO.L,Retail Estates nv
0FSN.L,Resilux NV
0FS8.L,REC Silicon ASA
0FRW.L,Rosenbauer International AG
0FRJ.L,RATIONAL Aktiengesellschaft
0FRE.L,Quest for Growth Belgium
0FR0.L,"Papeles y Cartones de Europa, S.A."
0FQR.L,Pfeiffer Vacuum Technology AG
0FQN.L,"Iep Invest, NV"
0FPQ.L,Phoenix Solar Aktiengesellschaft
0FN4.L,Plastiques du Val de Loire
0FMO.L,Powszechna Kasa Oszczednosci Bank Polski Spólka Akcyjna
0FMN.L,Polski Koncern Naftowy ORLEN Spólka Akcyjna
0FJQ.L,Astir Palace Vouliagmeni S.A.
0FJJ.L,Panariagroup Industrie Ceramiche S.p.A.
0FJC.L,Patrizia Immobilien AG
0FIN.L,Orkla ASA
0FI5.L,Opera Software ASA
0FHP.L,Olav Thon Eiendomsselskap ASA
0FH7.L,OHB SE
0FGL.L,Nexus AG
0FGH.L,Norwegian Air Shuttle ASA
0FFY.L,Nokian Renkaat Oyj
0FF9.L,Nordic Semiconductor ASA
0FDT.L,Nemetschek SE
0FC9.L,MTU Aero Engines AG
0FBS.L,Orange Belgium S.A.
0FA0.L,Melexis NV
0F7F.L,"Duro Felguera, S.A."
0F58.L,Grupa LOTOS Spólka Akcyjna
0F2Q.L,La Doria SpA
0F29.L,Lassila & Tikanoja Oyj
0F08.L,Kongsberg Gruppen ASA
0EYI.L,Kontron AG
0EYG.L,KBC Group NV
0EXP.L,Jungheinrich Aktiengesellschaft
0EX7.L,Jenoptik AG
0EX6.L,Jensen-Group NV
0EWR.L,init innovation in traffic systems SE
0EW1.L,Isra Vision AG
0EUH.L,INDUS Holding AG
0EPW.L,HOCHTIEF Aktiengesellschaft
0EOF.L,Hexagon Composites ASA
0ENN.L,Hornbach Baumarkt AG
0ELN.L,Bourbon Corporation SA
0ELC.L,XPO Logistics Europe SA
0EKR.L,GIMV NV
0EHF.L,Fred. Olsen Energy ASA
0EEZ.L,Athens Water Supply and Sewerage Company S.A.
0EEI.L,EVN AG
0EEE.L,CTS Eventim AG & Co. KGaA
0EA2.L,Elica S.p.A.
0E9S.L,Ekornes ASA
0E80.L,Accentro Real Estate AG
0E6Y.L,Drillisch Aktiengesellschaft
0E64.L,DO & CO Aktiengesellschaft
0E63.L,DOCDATA N.V.
0E5V.L,EI Towers S.p.A
0E4Q.L,NEL ASA
0E4K.L,DEUTZ Aktiengesellschaft
0E4J.L,Delticom AG
0E3C.L,Datalogic S.p.A.
0E2N.L,Citycon Oyj
0E1S.L,Cramo Oyj
0E1N.L,Davide Campari-Milano S.p.A.
0DZJ.L,Groupe CRIT SA
0DZC.L,"CIE Automotive, S.A."
0DYQ.L,Cegedim SA
0DYD.L,CENTROTEC Sustainable AG
0DXG.L,CropEnergies AG
0DVR.L,Bank Zachodni WBK S.A.
0DVE.L,Borussia Dortmund GmbH & Co. Kommanditgesellschaft auf Aktien
0DUK.L,Biesse S.p.A.
0DUI.L,Basler Aktiengesellschaft
0DTF.L,Boiron SA
0DRH.L,Bank Millennium S.A.
0DQK.L,Beter Bed Holding N.V.
0DQ7.L,Beiersdorf Aktiengesellschaft
0DPU.L,Proximus PLC
0DPM.L,Bechtle AG
0DPG.L,"Banco BPI, S.A."
0DPB.L,Bavarian Nordic A/S
0DP0.L,Bank Pekao S.A.
0DOS.L,Bank Handlowy w Warszawie S.A.
0DNW.L,Austevoll Seafood ASA
0DNH.L,Atos SE
0DMQ.L,Astaldi S.p.A.
0DME.L,Ascopiave S.p.A.
0DLW.L,Arcandor AG
0DLI.L,Amsterdam Commodities N.V.
0DLF.L,Gigaset AG
0DKX.L,Aedifica SA
0DK9.L,Amadeus FiRe AG
0DJV.L,"Altri, S.G.P.S., S.A."
0DJI.L,Alm. Brand A/S
0DIJ.L,Havfisk ASA
0DHC.L,Carl Zeiss Meditec AG
0CX9.L,Stora Enso Oyj
0CSD.L,Société Internationale de Plantations d'Hévéas Société Anonyme
0CHZ.L,QSC AG
0BQD.L,KSB Aktiengesellschaft
0APM.L,Danieli & C. Officine Meccaniche S.p.A.
0AI4.L,Carlsberg A/S
0AH7.L,BayWa Aktiengesellschaft
04HK.L,LONDON & ST LAWRENCE INVESTMENT